ts,topic,type,ticker,price,qty,agent,rule,label,buy_agent,sell_agent,previous_delta,current_delta,agent_name
2026-04-11T03:01:45.828Z,market,trade,TESTE,99998.0547935848,43,,,,ITAU,CITI,,,
2026-04-11T03:01:45.988Z,market,trade,TESTE,99996.1992774601,129,,,,GOLDM,UBS,,,
2026-04-11T03:01:46.147Z,market,trade,TESTE,99997.79974802617,24,,,,ITAU,GOLDM,,,
2026-04-11T03:01:46.300Z,market,trade,TESTE,99997.1954589105,154,,,,XP,JPM,,,
2026-04-11T03:01:46.465Z,market,trade,TESTE,99999.88776047494,72,,,,XP,XP,,,
2026-04-11T03:01:46.628Z,market,trade,TESTE,99997.38275862945,161,,,,ITAU,BTG,,,
2026-04-11T03:01:46.788Z,market,trade,TESTE,99993.17885317162,126,,,,CITI,ITAU,,,
2026-04-11T03:01:46.948Z,market,trade,TESTE,99999.73371012372,23,,,,CS,GOLDM,,,
2026-04-11T03:01:47.103Z,market,trade,TESTE,100003.63588970703,175,,,,ITAU,MS,,,
2026-04-11T03:01:47.254Z,market,trade,TESTE,99994.57708969335,82,,,,ITAU,XP,,,
2026-04-11T03:01:47.409Z,market,trade,TESTE,100004.07675361935,54,,,,JPM,CITI,,,
2026-04-11T03:01:47.567Z,market,trade,TESTE,100007.14579806889,56,,,,CS,BTG,,,
2026-04-11T03:01:47.728Z,market,trade,TESTE,100009.06428996357,65,,,,CS,XP,,,
2026-04-11T03:01:47.884Z,market,trade,TESTE,100012.71986231601,197,,,,CITI,CS,,,
2026-04-11T03:01:48.046Z,market,trade,TESTE,100002.07200284768,59,,,,GOLDM,GOLDM,,,
2026-04-11T03:01:48.208Z,market,trade,TESTE,100006.66752546886,42,,,,XP,UBS,,,
2026-04-11T03:01:48.370Z,market,trade,TESTE,100012.24526326687,174,,,,XP,CS,,,
2026-04-11T03:01:48.528Z,market,trade,TESTE,100014.787554741,27,,,,BTG,BTG,,,
2026-04-11T03:01:48.688Z,market,trade,TESTE,100013.21317768206,99,,,,JPM,JPM,,,
2026-04-11T03:01:48.853Z,market,trade,TESTE,99998.44432228176,195,,,,CS,BARCL,,,
2026-04-11T03:01:49.003Z,market,trade,TESTE,99998.79015380058,87,,,,BTG,BTG,,,
2026-04-11T03:01:49.168Z,market,trade,TESTE,100008.69762852413,149,,,,UBS,CITI,,,
2026-04-11T03:01:49.320Z,market,trade,TESTE,99998.53644228498,15,,,,JPM,MS,,,
2026-04-11T03:01:49.473Z,market,trade,TESTE,100011.8170292635,139,,,,BARCL,BARCL,,,
2026-04-11T03:01:49.628Z,market,trade,TESTE,99999.58359722256,45,,,,XP,ITAU,,,
2026-04-11T03:01:49.789Z,market,trade,TESTE,100003.5272141935,144,,,,XP,BARCL,,,
2026-04-11T03:01:49.948Z,market,trade,TESTE,100012.15185193029,156,,,,ITAU,GOLDM,,,
2026-04-11T03:01:50.107Z,market,trade,TESTE,100006.04058942207,5,,,,CS,BTG,,,
2026-04-11T03:01:50.258Z,market,trade,TESTE,100013.74079472209,92,,,,CS,ITAU,,,
2026-04-11T03:01:50.410Z,market,trade,TESTE,100014.72275537069,130,,,,ITAU,CS,,,
2026-04-11T03:01:50.567Z,market,trade,TESTE,100014.06432649653,133,,,,XP,CITI,,,
2026-04-11T03:01:50.727Z,market,trade,TESTE,100017.8106153526,115,,,,BTG,ITAU,,,
2026-04-11T03:01:50.887Z,market,trade,TESTE,100021.00308043406,85,,,,BTG,UBS,,,
2026-04-11T03:01:51.048Z,market,trade,TESTE,100014.72397424935,185,,,,CITI,UBS,,,
2026-04-11T03:01:51.202Z,market,trade,TESTE,100025.20035688455,29,,,,JPM,BARCL,,,
2026-04-11T03:01:51.352Z,market,trade,TESTE,100020.91676328218,94,,,,UBS,BARCL,,,
2026-04-11T03:01:51.504Z,market,trade,TESTE,100022.5382153878,127,,,,GOLDM,MS,,,
2026-04-11T03:01:51.657Z,market,trade,TESTE,100011.80603018985,171,,,,CITI,CITI,,,
2026-04-11T03:01:51.819Z,market,trade,TESTE,100024.18386031777,39,,,,MS,XP,,,
2026-04-11T03:01:51.972Z,market,trade,TESTE,100019.60579507946,128,,,,GOLDM,GOLDM,,,
2026-04-11T03:01:52.129Z,market,trade,TESTE,100020.17436987408,110,,,,CS,ITAU,,,
2026-04-11T03:01:52.288Z,market,trade,TESTE,100010.61677213536,96,,,,CS,MS,,,
2026-04-11T03:01:52.448Z,market,trade,TESTE,100007.50334274318,76,,,,XP,CITI,,,
2026-04-11T03:01:52.608Z,market,trade,TESTE,100015.50219205575,105,,,,MS,BTG,,,
2026-04-11T03:01:52.764Z,market,flow_inversion,,,,,,,,,-7,4,GOLDM
2026-04-11T03:01:52.764Z,market,trade,TESTE,100007.38134799249,11,,,,GOLDM,MS,,,
2026-04-11T03:01:52.928Z,market,trade,TESTE,100003.69250357973,32,,,,JPM,UBS,,,
2026-04-11T03:01:53.095Z,market,trade,TESTE,99999.03473581318,40,,,,XP,CS,,,
2026-04-11T03:01:53.258Z,market,trade,TESTE,100005.58389488596,166,,,,CITI,UBS,,,
2026-04-11T03:01:53.435Z,market,trade,TESTE,100007.13714797572,41,,,,GOLDM,CITI,,,
2026-04-11T03:01:53.589Z,market,trade,TESTE,100009.85111980265,139,,,,ITAU,JPM,,,
2026-04-11T03:05:21.848Z,market,trade,TESTE,99991.64255588372,191,,,,CITI,BARCL,,,
2026-04-11T03:05:22.007Z,market,trade,TESTE,99990.93523926949,132,,,,UBS,MS,,,
2026-04-11T03:05:22.168Z,market,trade,TESTE,99989.00087745194,53,,,,BARCL,BTG,,,
2026-04-11T03:05:22.318Z,market,trade,TESTE,99997.33957668948,131,,,,MS,CITI,,,
2026-04-11T03:05:22.471Z,market,trade,TESTE,99983.3425295468,176,,,,GOLDM,GOLDM,,,
2026-04-11T03:05:22.622Z,market,trade,TESTE,99981.0848609446,138,,,,BARCL,CS,,,
2026-04-11T03:05:22.784Z,market,trade,TESTE,99987.87925616992,200,,,,MS,BTG,,,
2026-04-11T03:05:22.934Z,market,trade,TESTE,99973.15325663993,108,,,,CITI,XP,,,
2026-04-11T03:05:23.088Z,market,trade,TESTE,99969.34239578217,65,,,,UBS,BARCL,,,
2026-04-11T03:05:23.247Z,market,trade,TESTE,99971.77929745847,135,,,,ITAU,CS,,,
2026-04-11T03:05:23.398Z,market,trade,TESTE,99972.32912732627,167,,,,GOLDM,BTG,,,
2026-04-11T03:05:23.552Z,market,trade,TESTE,99986.14227302992,53,,,,CITI,BTG,,,
2026-04-11T03:05:23.703Z,market,trade,TESTE,99983.1311492805,45,,,,BARCL,JPM,,,
2026-04-11T03:05:23.864Z,market,trade,TESTE,99986.86054698103,185,,,,BTG,CS,,,
2026-04-11T03:05:24.028Z,market,trade,TESTE,99985.61623987372,192,,,,JPM,JPM,,,
2026-04-11T03:05:24.188Z,market,trade,TESTE,99981.68938345605,184,,,,ITAU,CITI,,,
2026-04-11T03:05:24.347Z,market,trade,TESTE,99983.84515432252,157,,,,BTG,BARCL,,,
2026-04-11T03:05:24.508Z,market,trade,TESTE,99976.03229527529,182,,,,CS,MS,,,
2026-04-11T03:05:24.669Z,market,trade,TESTE,99975.82401494037,126,,,,UBS,ITAU,,,
2026-04-11T03:05:24.827Z,market,trade,TESTE,99973.81820567761,147,,,,BARCL,BARCL,,,
2026-04-11T03:05:24.987Z,market,trade,TESTE,99979.03067424246,135,,,,CS,UBS,,,
2026-04-11T03:05:25.147Z,market,trade,TESTE,99983.3942730258,142,,,,UBS,XP,,,
2026-04-11T03:05:25.310Z,market,trade,TESTE,99978.02447085055,165,,,,MS,XP,,,
2026-04-11T03:05:25.468Z,market,trade,TESTE,99979.91086075843,149,,,,GOLDM,MS,,,
2026-04-11T03:05:25.627Z,market,trade,TESTE,99982.04524721611,33,,,,XP,UBS,,,
2026-04-11T03:05:25.784Z,market,trade,TESTE,99992.31722336986,61,,,,XP,JPM,,,
2026-04-11T03:05:25.947Z,market,trade,TESTE,99984.47329337365,40,,,,MS,UBS,,,
2026-04-11T03:05:26.101Z,market,trade,TESTE,99995.12434736812,77,,,,JPM,UBS,,,
2026-04-11T03:05:26.267Z,market,trade,TESTE,99994.24629228831,191,,,,MS,JPM,,,
2026-04-11T03:05:26.428Z,market,trade,TESTE,99979.868730215,45,,,,BTG,UBS,,,
2026-04-11T03:05:26.587Z,market,trade,TESTE,99990.89847016509,110,,,,CITI,GOLDM,,,
2026-04-11T03:05:26.743Z,market,trade,TESTE,99993.23954014845,117,,,,CS,BTG,,,
2026-04-11T03:05:26.908Z,market,trade,TESTE,99995.94086042764,64,,,,ITAU,XP,,,
2026-04-11T03:05:27.067Z,market,trade,TESTE,99994.45457970255,53,,,,CS,CS,,,
2026-04-11T03:05:27.228Z,market,trade,TESTE,99997.71728392558,174,,,,MS,UBS,,,
2026-04-11T03:05:27.388Z,market,trade,TESTE,99998.01732859839,42,,,,CS,XP,,,
2026-04-11T03:05:27.547Z,market,trade,TESTE,99995.40547635258,5,,,,JPM,BARCL,,,
2026-04-11T03:05:27.708Z,market,trade,TESTE,99997.69291235745,172,,,,BARCL,MS,,,
2026-04-11T03:05:27.863Z,market,trade,TESTE,99996.56147622684,121,,,,BTG,CITI,,,
2026-04-11T03:05:28.013Z,market,trade,TESTE,99999.62262480332,133,,,,BTG,BARCL,,,
2026-04-11T03:05:28.166Z,market,trade,TESTE,99994.50165671915,143,,,,GOLDM,BTG,,,
2026-04-11T03:05:28.327Z,market,trade,TESTE,100003.62153488694,126,,,,GOLDM,GOLDM,,,
2026-04-11T03:05:28.493Z,market,trade,TESTE,100006.56074374815,77,,,,BARCL,BTG,,,
2026-04-11T03:05:28.644Z,market,trade,TESTE,100006.08283883061,17,,,,ITAU,XP,,,
2026-04-11T03:05:28.796Z,market,trade,TESTE,99993.07203296084,79,,,,CS,ITAU,,,
2026-04-11T03:05:28.951Z,market,trade,TESTE,100001.44159170442,140,,,,CS,CS,,,
2026-04-11T03:05:29.102Z,market,trade,TESTE,99987.48098160804,112,,,,UBS,ITAU,,,
2026-04-11T03:05:29.261Z,market,trade,TESTE,99996.04200600546,40,,,,ITAU,BTG,,,
2026-04-11T03:05:29.413Z,market,trade,TESTE,99999.56323805942,88,,,,JPM,MS,,,
2026-04-11T03:05:29.565Z,market,trade,TESTE,100000.48246099436,199,,,,XP,JPM,,,
2026-04-11T03:05:29.719Z,market,trade,TESTE,99998.92547738156,200,,,,UBS,XP,,,
2026-04-11T03:05:29.871Z,market,flow_inversion,,,,,,,,,-17,107,GOLDM
2026-04-11T03:05:29.871Z,market,trade,TESTE,99988.60924415418,124,,,,GOLDM,MS,,,
2026-04-11T03:05:30.033Z,market,trade,TESTE,99990.22747337114,47,,,,BARCL,BARCL,,,
2026-04-11T03:05:30.196Z,market,trade,TESTE,99989.44629833916,69,,,,BARCL,JPM,,,
2026-04-11T03:05:30.349Z,market,trade,TESTE,99986.48765788236,128,,,,ITAU,UBS,,,
2026-04-11T03:05:30.514Z,market,flow_inversion,,,,,,,,,-18,100,UBS
2026-04-11T03:05:30.514Z,market,trade,TESTE,99988.65892494701,118,,,,UBS,MS,,,
2026-04-11T03:05:30.671Z,market,trade,TESTE,100000.81234347909,87,,,,BARCL,BTG,,,
2026-04-11T03:05:30.827Z,market,trade,TESTE,100000.33069156227,124,,,,BARCL,MS,,,
2026-04-11T03:05:30.987Z,market,trade,TESTE,99986.72021197526,62,,,,CITI,XP,,,
2026-04-11T03:05:31.147Z,market,trade,TESTE,99997.86778452682,83,,,,CS,XP,,,
2026-04-11T03:05:31.298Z,market,trade,TESTE,100001.61198739868,66,,,,UBS,CS,,,
2026-04-11T03:05:31.451Z,market,trade,TESTE,100006.23514127478,45,,,,GOLDM,BARCL,,,
2026-04-11T03:05:31.602Z,market,trade,TESTE,100007.97006175571,152,,,,MS,XP,,,
2026-04-11T03:05:31.757Z,market,trade,TESTE,99996.63072900477,107,,,,CITI,CITI,,,
2026-04-11T03:05:31.907Z,market,trade,TESTE,99993.04113835008,159,,,,BARCL,GOLDM,,,
2026-04-11T03:05:32.059Z,market,trade,TESTE,100007.52153720353,105,,,,XP,BARCL,,,
2026-04-11T03:05:32.211Z,market,trade,TESTE,99996.20442749697,108,,,,CS,MS,,,
2026-04-11T03:05:32.377Z,market,trade,TESTE,99999.69254149636,149,,,,UBS,GOLDM,,,
2026-04-11T03:05:32.542Z,market,trade,TESTE,100008.93400869292,65,,,,CS,XP,,,
2026-04-11T03:05:32.702Z,market,trade,TESTE,99997.47018155448,138,,,,UBS,UBS,,,
2026-04-11T03:05:32.861Z,market,trade,TESTE,100011.09175331412,103,,,,XP,CITI,,,
2026-04-11T03:05:33.012Z,market,trade,TESTE,100002.6912647715,124,,,,BARCL,MS,,,
2026-04-11T03:05:33.169Z,market,trade,TESTE,100000.1401416736,5,,,,BARCL,CS,,,
2026-04-11T03:05:33.323Z,market,trade,TESTE,100004.61622291908,9,,,,CS,GOLDM,,,
2026-04-11T03:05:33.478Z,market,trade,TESTE,100014.64262433634,167,,,,CS,CS,,,
2026-04-11T03:05:33.631Z,market,trade,TESTE,100019.06883004472,86,,,,MS,ITAU,,,
2026-04-11T03:05:33.788Z,market,trade,TESTE,100021.86719904313,49,,,,BTG,BTG,,,
2026-04-11T03:05:33.946Z,market,trade,TESTE,100024.53525197819,115,,,,CITI,MS,,,
2026-04-11T03:05:34.106Z,market,trade,TESTE,100012.49226638445,107,,,,GOLDM,GOLDM,,,
2026-04-11T03:05:34.267Z,market,trade,TESTE,100017.67062583705,10,,,,BARCL,GOLDM,,,
2026-04-11T03:05:34.428Z,market,trade,TESTE,100015.69342128809,69,,,,MS,MS,,,
2026-04-11T03:05:34.587Z,market,trade,TESTE,100006.94495886407,169,,,,BARCL,XP,,,
2026-04-11T03:05:34.747Z,market,trade,TESTE,100019.92464747325,26,,,,MS,BARCL,,,
2026-04-11T03:05:34.907Z,market,trade,TESTE,100015.9441102211,65,,,,ITAU,CITI,,,
2026-04-11T03:05:35.067Z,market,trade,TESTE,100009.49848483482,70,,,,BTG,BTG,,,
2026-04-11T03:05:35.227Z,market,trade,TESTE,100004.91923221861,25,,,,GOLDM,ITAU,,,
2026-04-11T03:05:35.396Z,market,trade,TESTE,100005.21819987618,95,,,,CITI,MS,,,
2026-04-11T03:05:35.558Z,market,trade,TESTE,100011.74806736993,171,,,,CS,GOLDM,,,
2026-04-11T03:05:35.713Z,market,trade,TESTE,100015.16482657706,93,,,,UBS,BTG,,,
2026-04-11T03:05:35.863Z,market,trade,TESTE,100018.48376578781,8,,,,ITAU,GOLDM,,,
2026-04-11T03:05:36.014Z,market,trade,TESTE,100006.27910976857,27,,,,CS,UBS,,,
2026-04-11T03:05:36.170Z,market,trade,TESTE,100011.504612585,158,,,,MS,MS,,,
2026-04-11T03:05:36.330Z,market,trade,TESTE,100007.24086610225,177,,,,ITAU,ITAU,,,
2026-04-11T03:05:36.488Z,market,trade,TESTE,100008.54302931181,120,,,,JPM,CITI,,,
2026-04-11T03:05:36.647Z,market,trade,TESTE,99996.38675890923,71,,,,CS,MS,,,
2026-04-11T03:05:36.800Z,market,trade,TESTE,100006.81123788694,54,,,,MS,GOLDM,,,
2026-04-11T03:05:36.956Z,market,trade,TESTE,99999.01382230879,149,,,,XP,CITI,,,
2026-04-11T03:05:37.115Z,market,trade,TESTE,100001.1985063583,200,,,,JPM,UBS,,,
2026-04-11T03:05:37.280Z,market,trade,TESTE,99997.2923592838,182,,,,MS,MS,,,
2026-04-11T03:05:37.444Z,market,trade,TESTE,99995.29863520157,150,,,,BTG,CITI,,,
2026-04-11T03:05:37.604Z,market,trade,TESTE,99996.2872839344,79,,,,XP,XP,,,
2026-04-11T03:05:37.766Z,market,trade,TESTE,100010.77521173256,111,,,,UBS,UBS,,,
2026-04-11T03:05:37.920Z,market,trade,TESTE,100005.87409519721,110,,,,UBS,BARCL,,,
2026-04-11T03:05:38.083Z,market,trade,TESTE,99999.18637061845,150,,,,JPM,BTG,,,
2026-04-11T03:05:38.248Z,market,trade,TESTE,99999.25087227808,15,,,,CS,BARCL,,,
2026-04-11T03:05:38.404Z,market,trade,TESTE,100004.98779376814,26,,,,MS,BARCL,,,
2026-04-11T03:05:38.563Z,market,trade,TESTE,99995.01952575662,29,,,,BTG,JPM,,,
2026-04-11T03:05:38.720Z,market,trade,TESTE,99990.53046253978,67,,,,CITI,UBS,,,
2026-04-11T03:05:38.873Z,market,trade,TESTE,99998.45415137324,99,,,,GOLDM,MS,,,
2026-04-11T03:05:39.036Z,market,trade,TESTE,100002.71648711746,92,,,,XP,CITI,,,
2026-04-11T03:05:39.205Z,market,trade,TESTE,100007.50224062454,151,,,,CS,XP,,,
2026-04-11T03:05:39.368Z,market,trade,TESTE,99999.57361914526,23,,,,MS,CS,,,
2026-04-11T03:05:39.520Z,market,trade,TESTE,100012.55181947906,40,,,,CITI,UBS,,,
2026-04-11T03:05:39.682Z,market,trade,TESTE,100001.54106067792,189,,,,BARCL,CITI,,,
2026-04-11T03:05:39.837Z,market,trade,TESTE,99998.68145667933,71,,,,CITI,CS,,,
2026-04-11T03:05:39.999Z,market,trade,TESTE,100011.92630953083,30,,,,BARCL,BARCL,,,
2026-04-11T03:05:40.151Z,market,trade,TESTE,100003.62971328407,141,,,,ITAU,CITI,,,
2026-04-11T03:05:40.302Z,market,trade,TESTE,99999.45258992881,135,,,,ITAU,MS,,,
2026-04-11T03:05:40.453Z,market,trade,TESTE,99995.19475995636,18,,,,ITAU,CITI,,,
2026-04-11T03:05:40.607Z,market,trade,TESTE,99999.39557848142,132,,,,JPM,ITAU,,,
2026-04-11T03:05:40.767Z,market,trade,TESTE,100006.6898878198,194,,,,MS,MS,,,
2026-04-11T03:05:40.919Z,market,trade,TESTE,100008.36927740846,174,,,,BARCL,CITI,,,
2026-04-11T03:05:41.072Z,market,trade,TESTE,100010.10726817991,129,,,,MS,BTG,,,
2026-04-11T03:05:41.231Z,market,trade,TESTE,100003.11109716605,49,,,,BARCL,JPM,,,
2026-04-11T03:05:41.392Z,market,trade,TESTE,99998.39648578712,6,,,,MS,BARCL,,,
2026-04-11T03:05:41.545Z,market,trade,TESTE,100012.44570721134,27,,,,UBS,GOLDM,,,
2026-04-11T03:05:41.700Z,market,trade,TESTE,100006.01552366154,64,,,,ITAU,GOLDM,,,
2026-04-11T03:05:41.851Z,market,flow_inversion,,,,,,,,,-38,53,BTG
2026-04-11T03:05:41.851Z,market,trade,TESTE,100018.3100428448,91,,,,BTG,BTG,,,
2026-04-11T03:05:42.008Z,market,trade,TESTE,100007.21990919368,9,,,,CITI,UBS,,,
2026-04-11T03:05:42.160Z,market,trade,TESTE,100014.27440752249,49,,,,CS,BARCL,,,
2026-04-11T03:05:42.316Z,market,trade,TESTE,100013.9991044979,58,,,,JPM,MS,,,
2026-04-11T03:05:42.480Z,market,trade,TESTE,100003.15953905747,142,,,,BARCL,JPM,,,
2026-04-11T03:05:42.631Z,market,trade,TESTE,100004.09615999984,131,,,,CS,JPM,,,
2026-04-11T03:05:42.785Z,market,trade,TESTE,100010.66942889446,89,,,,JPM,GOLDM,,,
2026-04-11T03:05:42.936Z,market,trade,TESTE,99998.42894869145,51,,,,JPM,XP,,,
2026-04-11T03:05:43.096Z,market,trade,TESTE,100009.99706054668,65,,,,UBS,BTG,,,
2026-04-11T03:05:43.251Z,market,trade,TESTE,100011.03722748182,140,,,,UBS,BARCL,,,
2026-04-11T03:05:43.409Z,market,trade,TESTE,100000.58760180263,164,,,,UBS,UBS,,,
2026-04-11T03:05:43.560Z,market,trade,TESTE,100011.7965942983,74,,,,CITI,GOLDM,,,
2026-04-11T03:05:43.711Z,market,trade,TESTE,100000.91838747986,82,,,,MS,MS,,,
2026-04-11T03:05:43.863Z,market,trade,TESTE,100005.14238872525,56,,,,BTG,CITI,,,
2026-04-11T03:05:44.023Z,market,trade,TESTE,100000.66204433174,9,,,,XP,UBS,,,
2026-04-11T03:05:44.175Z,market,trade,TESTE,100015.10590671492,145,,,,UBS,ITAU,,,
2026-04-11T03:05:44.329Z,market,trade,TESTE,100013.9467951199,78,,,,CS,GOLDM,,,
2026-04-11T03:05:44.488Z,market,trade,TESTE,100018.0867834331,108,,,,CS,MS,,,
2026-04-11T03:05:44.640Z,market,trade,TESTE,100006.03796262435,100,,,,XP,GOLDM,,,
2026-04-11T03:05:44.801Z,market,trade,TESTE,100018.83116415843,111,,,,JPM,CITI,,,
2026-04-11T03:05:44.956Z,market,trade,TESTE,100015.15376892392,158,,,,CITI,CITI,,,
2026-04-11T03:05:45.113Z,market,trade,TESTE,100012.82357053662,164,,,,CS,XP,,,
2026-04-11T03:05:45.267Z,market,trade,TESTE,100004.40102398989,177,,,,XP,JPM,,,
2026-04-11T03:05:45.420Z,market,trade,TESTE,100012.71265935584,110,,,,CITI,UBS,,,
2026-04-11T03:05:45.581Z,market,trade,TESTE,100010.91201805558,46,,,,ITAU,ITAU,,,
2026-04-11T03:05:45.746Z,market,trade,TESTE,100010.26541374064,128,,,,GOLDM,JPM,,,
2026-04-11T03:05:45.906Z,market,trade,TESTE,100006.77407060118,193,,,,MS,BARCL,,,
2026-04-11T03:05:46.060Z,market,trade,TESTE,100010.45254356715,186,,,,BTG,GOLDM,,,
2026-04-11T03:05:46.219Z,market,trade,TESTE,100007.24517026686,153,,,,CS,CITI,,,
2026-04-11T03:05:46.371Z,market,trade,TESTE,100008.56760981961,72,,,,ITAU,MS,,,
2026-04-11T03:05:46.522Z,market,trade,TESTE,100005.4075103841,151,,,,GOLDM,ITAU,,,
2026-04-11T03:05:46.683Z,market,trade,TESTE,99991.08942529882,112,,,,CS,BARCL,,,
2026-04-11T03:05:46.837Z,market,trade,TESTE,99998.92813810815,49,,,,CITI,CS,,,
2026-04-11T03:05:46.999Z,market,trade,TESTE,99996.98932680317,33,,,,MS,CS,,,
2026-04-11T03:05:47.162Z,market,trade,TESTE,99985.47569459293,94,,,,GOLDM,CS,,,
2026-04-11T03:05:47.324Z,market,trade,TESTE,99998.9075249678,170,,,,BARCL,MS,,,
2026-04-11T03:05:47.481Z,market,trade,TESTE,99999.49096943975,60,,,,BTG,UBS,,,
2026-04-11T03:05:47.645Z,market,trade,TESTE,99988.38465110934,91,,,,CS,BARCL,,,
2026-04-11T03:05:47.807Z,market,trade,TESTE,99988.53054095329,169,,,,BTG,MS,,,
2026-04-11T03:05:47.962Z,market,trade,TESTE,99992.7056978758,185,,,,MS,ITAU,,,
2026-04-11T03:05:48.116Z,market,trade,TESTE,100004.45838686184,20,,,,CITI,BTG,,,
2026-04-11T03:05:48.281Z,market,trade,TESTE,99994.6916567291,48,,,,BTG,BARCL,,,
2026-04-11T03:05:48.447Z,market,trade,TESTE,100001.76238578004,172,,,,GOLDM,CITI,,,
2026-04-11T03:05:48.599Z,market,trade,TESTE,99992.57338183555,89,,,,GOLDM,BARCL,,,
2026-04-11T03:05:48.751Z,market,trade,TESTE,100000.32605556295,5,,,,CITI,XP,,,
2026-04-11T03:05:48.902Z,market,trade,TESTE,99994.28575697199,136,,,,UBS,XP,,,
2026-04-11T03:05:49.063Z,market,trade,TESTE,100004.49255846754,55,,,,BTG,GOLDM,,,
2026-04-11T03:05:49.219Z,market,trade,TESTE,99996.57515184784,44,,,,CS,CITI,,,
2026-04-11T03:05:49.380Z,market,trade,TESTE,100005.03580826256,86,,,,BARCL,BTG,,,
2026-04-11T03:05:49.538Z,market,trade,TESTE,100003.0612798967,47,,,,MS,CS,,,
2026-04-11T03:05:49.700Z,market,trade,TESTE,99997.82060620848,8,,,,XP,XP,,,
2026-04-11T03:05:49.866Z,market,trade,TESTE,100011.85674674352,82,,,,CITI,UBS,,,
2026-04-11T03:05:50.026Z,market,trade,TESTE,100000.55341355581,175,,,,CS,JPM,,,
2026-04-11T03:05:50.180Z,market,trade,TESTE,100013.79897013165,52,,,,MS,CS,,,
2026-04-11T03:05:50.344Z,market,trade,TESTE,100012.77446402362,131,,,,BARCL,BTG,,,
2026-04-11T03:05:50.506Z,market,trade,TESTE,100009.718210273,134,,,,ITAU,UBS,,,
2026-04-11T03:05:50.663Z,market,trade,TESTE,100007.54228897586,31,,,,BARCL,ITAU,,,
2026-04-11T03:05:50.816Z,market,trade,TESTE,99993.36938230631,56,,,,MS,XP,,,
2026-04-11T03:05:50.980Z,market,trade,TESTE,100004.80856733471,170,,,,MS,ITAU,,,
2026-04-11T03:05:51.145Z,market,trade,TESTE,99995.19120561852,187,,,,XP,GOLDM,,,
2026-04-11T03:05:51.300Z,market,trade,TESTE,100006.95668119976,33,,,,ITAU,MS,,,
2026-04-11T03:05:51.455Z,market,trade,TESTE,100008.62267732865,149,,,,CS,XP,,,
2026-04-11T03:05:51.606Z,market,trade,TESTE,100010.03576509948,145,,,,MS,ITAU,,,
2026-04-11T03:05:51.760Z,market,trade,TESTE,99996.75265759394,135,,,,XP,MS,,,
2026-04-11T03:05:51.920Z,market,trade,TESTE,99992.75090264247,194,,,,JPM,JPM,,,
2026-04-11T03:05:52.071Z,market,trade,TESTE,99988.53348377804,127,,,,UBS,ITAU,,,
2026-04-11T03:05:52.224Z,market,trade,TESTE,99990.64949073769,59,,,,GOLDM,ITAU,,,
2026-04-11T03:05:52.380Z,market,trade,TESTE,99991.70490738064,40,,,,GOLDM,ITAU,,,
2026-04-11T03:05:52.545Z,market,trade,TESTE,99998.40730901857,46,,,,JPM,XP,,,
2026-04-11T03:05:52.704Z,market,trade,TESTE,99989.48766518375,152,,,,CITI,UBS,,,
2026-04-11T03:05:52.859Z,market,trade,TESTE,99992.7856622511,57,,,,BARCL,JPM,,,
2026-04-11T03:05:53.021Z,market,trade,TESTE,99996.36060858873,129,,,,BTG,BTG,,,
2026-04-11T03:05:53.179Z,market,trade,TESTE,100001.0345979133,172,,,,XP,BTG,,,
2026-04-11T03:05:53.344Z,market,trade,TESTE,99996.15041092828,154,,,,CITI,ITAU,,,
2026-04-11T03:05:53.505Z,market,trade,TESTE,100007.7920323787,147,,,,JPM,CITI,,,
2026-04-11T03:05:53.660Z,market,trade,TESTE,99993.47360622992,35,,,,XP,JPM,,,
2026-04-11T03:05:53.811Z,market,trade,TESTE,99997.46331253972,69,,,,MS,CS,,,
2026-04-11T03:05:53.962Z,market,trade,TESTE,100008.48422644856,166,,,,MS,BARCL,,,
2026-04-11T03:05:54.116Z,market,trade,TESTE,100004.22441550466,168,,,,UBS,CITI,,,
2026-04-11T03:05:54.281Z,market,trade,TESTE,99992.58362856356,144,,,,ITAU,UBS,,,
2026-04-11T03:05:54.441Z,market,trade,TESTE,99993.89878131487,127,,,,JPM,UBS,,,
2026-04-11T03:05:54.603Z,market,trade,TESTE,100000.00057860951,161,,,,GOLDM,BTG,,,
2026-04-11T03:05:54.760Z,market,trade,TESTE,100001.9407496795,197,,,,JPM,BARCL,,,
2026-04-11T03:05:54.922Z,market,trade,TESTE,99997.59873656603,32,,,,CITI,JPM,,,
2026-04-11T03:05:55.072Z,market,trade,TESTE,99998.30488995947,10,,,,XP,CS,,,
2026-04-11T03:05:55.224Z,market,trade,TESTE,100000.1177433906,97,,,,UBS,CS,,,
2026-04-11T03:05:55.381Z,market,trade,TESTE,99989.32482860619,147,,,,GOLDM,BARCL,,,
2026-04-11T03:05:55.539Z,market,trade,TESTE,99999.0616459731,66,,,,ITAU,ITAU,,,
2026-04-11T03:05:55.700Z,market,trade,TESTE,99992.96407707014,55,,,,BARCL,GOLDM,,,
2026-04-11T03:05:55.852Z,market,trade,TESTE,99992.92963175694,104,,,,GOLDM,JPM,,,
2026-04-11T03:05:56.004Z,market,trade,TESTE,99988.53352639491,91,,,,MS,JPM,,,
2026-04-11T03:05:56.154Z,market,trade,TESTE,100002.68583802547,141,,,,MS,CS,,,
2026-04-11T03:05:56.313Z,market,trade,TESTE,99988.16747700244,161,,,,ITAU,UBS,,,
2026-04-11T03:05:56.476Z,market,trade,TESTE,99987.41479252045,191,,,,MS,MS,,,
2026-04-11T03:05:56.641Z,market,trade,TESTE,99982.73194639558,139,,,,BARCL,CS,,,
2026-04-11T03:05:56.791Z,market,trade,TESTE,99994.7834000717,72,,,,UBS,ITAU,,,
2026-04-11T03:05:56.943Z,market,trade,TESTE,99987.54710801679,48,,,,UBS,CITI,,,
2026-04-11T03:05:57.096Z,market,trade,TESTE,99992.85874324875,174,,,,XP,XP,,,
2026-04-11T03:05:57.247Z,market,trade,TESTE,99981.90349685405,17,,,,UBS,GOLDM,,,
2026-04-11T03:05:57.404Z,market,trade,TESTE,99989.99438006121,7,,,,UBS,MS,,,
2026-04-11T03:05:57.564Z,market,trade,TESTE,99994.20686014179,115,,,,CS,XP,,,
2026-04-11T03:05:57.719Z,market,trade,TESTE,99985.55546545135,44,,,,UBS,GOLDM,,,
2026-04-11T03:05:57.873Z,market,trade,TESTE,99999.9394169555,32,,,,UBS,GOLDM,,,
2026-04-11T03:05:58.025Z,market,trade,TESTE,100000.09835289094,193,,,,CS,JPM,,,
2026-04-11T03:05:58.182Z,market,trade,TESTE,100000.17593441576,123,,,,BARCL,ITAU,,,
2026-04-11T03:05:58.338Z,market,trade,TESTE,100000.46989668143,61,,,,UBS,CITI,,,
2026-04-11T03:05:58.500Z,market,trade,TESTE,100002.09948539817,19,,,,XP,CITI,,,
2026-04-11T03:05:58.658Z,market,trade,TESTE,99990.78827904342,187,,,,CITI,CITI,,,
2026-04-11T03:05:58.810Z,market,trade,TESTE,99994.88771863587,11,,,,GOLDM,BARCL,,,
2026-04-11T03:05:58.968Z,market,trade,TESTE,99997.24406052206,28,,,,BARCL,XP,,,
2026-04-11T03:05:59.121Z,market,trade,TESTE,100001.758127382,174,,,,CITI,GOLDM,,,
2026-04-11T03:05:59.284Z,market,trade,TESTE,100001.31395725918,103,,,,CITI,ITAU,,,
2026-04-11T03:05:59.443Z,market,trade,TESTE,100015.97162597647,14,,,,MS,GOLDM,,,
2026-04-11T03:05:59.599Z,market,trade,TESTE,100018.67236365737,113,,,,CS,ITAU,,,
2026-04-11T03:05:59.760Z,market,trade,TESTE,100023.38024375282,144,,,,JPM,BARCL,,,
2026-04-11T03:05:59.922Z,market,trade,TESTE,100027.00802729015,55,,,,JPM,BTG,,,
2026-04-11T03:06:00.079Z,market,trade,TESTE,100022.86825158399,185,,,,UBS,UBS,,,
2026-04-11T03:06:00.239Z,market,trade,TESTE,100013.10717818518,155,,,,XP,MS,,,
2026-04-11T03:06:00.395Z,market,trade,TESTE,100020.85006592063,162,,,,XP,UBS,,,
2026-04-11T03:06:00.547Z,market,trade,TESTE,100019.9663962877,65,,,,BARCL,CS,,,
2026-04-11T03:06:00.699Z,market,trade,TESTE,100015.19863412033,8,,,,UBS,UBS,,,
2026-04-11T03:06:00.864Z,market,trade,TESTE,100000.8097843513,102,,,,JPM,CITI,,,
2026-04-11T03:06:01.019Z,market,trade,TESTE,100001.37646313928,140,,,,BARCL,ITAU,,,
2026-04-11T03:06:01.179Z,market,trade,TESTE,99997.38254265187,52,,,,JPM,ITAU,,,
2026-04-11T03:06:01.336Z,market,trade,TESTE,99994.54736058475,169,,,,CITI,BARCL,,,
2026-04-11T03:06:01.500Z,market,trade,TESTE,100002.12719910323,189,,,,ITAU,BTG,,,
2026-04-11T03:06:01.659Z,market,trade,TESTE,99988.93195194985,18,,,,XP,MS,,,
2026-04-11T03:06:01.824Z,market,trade,TESTE,99998.99935737149,125,,,,CS,JPM,,,
2026-04-11T03:06:01.988Z,market,trade,TESTE,99987.36943933179,29,,,,UBS,MS,,,
2026-04-11T03:06:02.140Z,market,trade,TESTE,99996.37848636594,10,,,,CITI,MS,,,
2026-04-11T03:06:02.303Z,market,trade,TESTE,99999.76323930948,120,,,,UBS,MS,,,
2026-04-11T03:06:02.463Z,market,trade,TESTE,99992.9431074633,138,,,,ITAU,GOLDM,,,
2026-04-11T03:06:02.621Z,market,trade,TESTE,99991.89943247009,157,,,,GOLDM,JPM,,,
2026-04-11T03:06:02.782Z,market,trade,TESTE,100002.76725879473,60,,,,BTG,MS,,,
2026-04-11T03:06:02.938Z,market,trade,TESTE,99999.50022192563,45,,,,JPM,CS,,,
2026-04-11T03:06:03.100Z,market,trade,TESTE,100003.50917581303,188,,,,ITAU,JPM,,,
2026-04-11T03:06:03.252Z,market,trade,TESTE,99989.51650917901,170,,,,ITAU,GOLDM,,,
2026-04-11T03:06:03.409Z,market,trade,TESTE,99990.7188071316,29,,,,GOLDM,CS,,,
2026-04-11T03:06:03.564Z,market,trade,TESTE,99996.47490228585,35,,,,MS,MS,,,
2026-04-11T03:06:03.727Z,market,trade,TESTE,99984.08367451059,9,,,,XP,UBS,,,
2026-04-11T03:06:03.881Z,market,trade,TESTE,99995.30698663903,20,,,,BARCL,CITI,,,
2026-04-11T03:06:04.039Z,market,trade,TESTE,99994.82714473784,147,,,,MS,BARCL,,,
2026-04-11T03:06:04.198Z,market,trade,TESTE,99995.86689587883,64,,,,ITAU,CITI,,,
2026-04-11T03:06:04.349Z,market,trade,TESTE,99991.2235468763,195,,,,BTG,BTG,,,
2026-04-11T03:06:04.504Z,market,trade,TESTE,99986.6705931649,78,,,,MS,MS,,,
2026-04-11T03:06:04.659Z,market,trade,TESTE,99980.20682721751,113,,,,CS,XP,,,
2026-04-11T03:06:04.812Z,market,trade,TESTE,99985.89884531048,73,,,,ITAU,UBS,,,
2026-04-11T03:06:04.962Z,market,trade,TESTE,99984.7552548191,154,,,,JPM,JPM,,,
2026-04-11T03:06:05.121Z,market,trade,TESTE,99983.69796864565,127,,,,XP,BARCL,,,
2026-04-11T03:06:05.273Z,market,trade,TESTE,99983.06538177773,161,,,,CS,BARCL,,,
2026-04-11T03:06:05.433Z,market,trade,TESTE,99975.21975113568,30,,,,MS,MS,,,
2026-04-11T03:06:05.597Z,market,trade,TESTE,99975.66776411777,87,,,,GOLDM,XP,,,
2026-04-11T03:06:05.752Z,market,trade,TESTE,99978.08598403393,63,,,,CITI,BTG,,,
2026-04-11T03:06:05.912Z,market,trade,TESTE,99982.47082687453,178,,,,MS,ITAU,,,
2026-04-11T03:06:06.064Z,market,trade,TESTE,99992.70053284567,60,,,,JPM,ITAU,,,
2026-04-11T03:06:06.220Z,market,trade,TESTE,99992.98038692196,104,,,,XP,CS,,,
2026-04-11T03:06:06.383Z,market,trade,TESTE,99982.70969923113,95,,,,MS,CITI,,,
2026-04-11T03:06:06.540Z,market,trade,TESTE,99990.14196914161,161,,,,CS,JPM,,,
2026-04-11T03:06:06.695Z,market,trade,TESTE,99986.75253771777,43,,,,BTG,BTG,,,
2026-04-11T03:06:06.852Z,market,trade,TESTE,99981.75154182728,161,,,,CS,BARCL,,,
2026-04-11T03:06:07.004Z,market,trade,TESTE,99991.35162417713,188,,,,BTG,BTG,,,
2026-04-11T03:06:07.159Z,market,trade,TESTE,99996.08412855516,175,,,,XP,BTG,,,
2026-04-11T03:06:07.319Z,market,trade,TESTE,99992.05023325938,98,,,,CITI,GOLDM,,,
2026-04-11T03:06:07.480Z,market,trade,TESTE,99994.74984348158,168,,,,CITI,XP,,,
2026-04-11T03:06:07.644Z,market,trade,TESTE,99989.35447028863,151,,,,CITI,GOLDM,,,
2026-04-11T03:06:07.800Z,market,trade,TESTE,100000.50617239974,82,,,,BARCL,ITAU,,,
2026-04-11T03:06:07.959Z,market,trade,TESTE,99990.42923338308,68,,,,MS,CS,,,
2026-04-11T03:06:08.119Z,market,trade,TESTE,99986.69121178676,132,,,,JPM,UBS,,,
2026-04-11T03:06:08.281Z,market,trade,TESTE,99983.82284601018,118,,,,CITI,GOLDM,,,
2026-04-11T03:06:08.443Z,market,trade,TESTE,99995.79961056089,29,,,,BTG,CS,,,
2026-04-11T03:06:08.606Z,market,trade,TESTE,99998.71665382023,25,,,,CS,BTG,,,
2026-04-11T03:06:08.759Z,market,trade,TESTE,99984.46287433356,184,,,,JPM,BTG,,,
2026-04-11T03:06:08.919Z,market,trade,TESTE,99981.23528979182,45,,,,CS,CITI,,,
2026-04-11T03:06:09.084Z,market,trade,TESTE,99994.84533205756,185,,,,CITI,JPM,,,
2026-04-11T03:06:09.243Z,market,trade,TESTE,99991.77784268765,59,,,,ITAU,XP,,,
2026-04-11T03:06:09.402Z,market,trade,TESTE,99980.03530159523,91,,,,BTG,BARCL,,,
2026-04-11T03:06:09.559Z,market,trade,TESTE,99989.90533012498,168,,,,CS,BTG,,,
2026-04-11T03:06:09.721Z,market,trade,TESTE,99976.05609883102,144,,,,JPM,CITI,,,
2026-04-11T03:06:09.880Z,market,trade,TESTE,99985.33259041999,116,,,,BARCL,CS,,,
2026-04-11T03:06:10.041Z,market,trade,TESTE,99982.84625591054,102,,,,CITI,GOLDM,,,
2026-04-11T03:06:10.200Z,market,trade,TESTE,99985.5799279484,179,,,,MS,XP,,,
2026-04-11T03:06:10.360Z,market,trade,TESTE,99983.85205875896,7,,,,CITI,BTG,,,
2026-04-11T03:06:10.520Z,market,trade,TESTE,99984.53854393637,155,,,,MS,BTG,,,
2026-04-11T03:06:10.681Z,market,trade,TESTE,99974.18068730344,195,,,,MS,CS,,,
2026-04-11T03:06:10.831Z,market,trade,TESTE,99980.88164503872,31,,,,BTG,UBS,,,
2026-04-11T03:06:10.984Z,market,trade,TESTE,99977.21251284431,55,,,,JPM,MS,,,
2026-04-11T03:06:11.140Z,market,trade,TESTE,99974.95853225607,128,,,,JPM,MS,,,
2026-04-11T03:06:11.296Z,market,trade,TESTE,99960.7925879393,88,,,,GOLDM,ITAU,,,
2026-04-11T03:06:11.460Z,market,trade,TESTE,99959.53151113867,181,,,,ITAU,JPM,,,
2026-04-11T03:06:11.625Z,market,trade,TESTE,99969.96319756126,34,,,,UBS,ITAU,,,
2026-04-11T03:06:11.784Z,market,trade,TESTE,99957.48867563935,180,,,,MS,ITAU,,,
2026-04-11T03:06:11.939Z,market,trade,TESTE,99971.19720939528,157,,,,GOLDM,BTG,,,
2026-04-11T03:06:12.092Z,market,trade,TESTE,99970.17779772698,77,,,,UBS,ITAU,,,
2026-04-11T03:06:12.243Z,market,trade,TESTE,99972.05312321369,35,,,,GOLDM,ITAU,,,
2026-04-11T03:06:12.403Z,market,trade,TESTE,99974.97077059343,83,,,,JPM,UBS,,,
2026-04-11T03:06:12.567Z,market,trade,TESTE,99962.34282587844,85,,,,UBS,MS,,,
2026-04-11T03:06:12.723Z,market,trade,TESTE,99960.12797821077,136,,,,UBS,XP,,,
2026-04-11T03:06:12.884Z,market,trade,TESTE,99971.18731610889,170,,,,CITI,CITI,,,
2026-04-11T03:06:13.044Z,market,trade,TESTE,99960.06852684061,103,,,,CITI,UBS,,,
2026-04-11T03:06:13.202Z,market,trade,TESTE,99959.83781079561,159,,,,ITAU,JPM,,,
2026-04-11T03:06:13.360Z,market,trade,TESTE,99961.48590196087,84,,,,XP,ITAU,,,
2026-04-11T03:06:13.524Z,market,trade,TESTE,99958.07857422494,32,,,,CITI,GOLDM,,,
2026-04-11T03:06:13.678Z,market,trade,TESTE,99968.73718643853,17,,,,BARCL,CITI,,,
2026-04-11T03:06:13.843Z,market,trade,TESTE,99955.27374676142,22,,,,XP,BARCL,,,
2026-04-11T03:06:14.004Z,market,trade,TESTE,99964.60013575242,53,,,,CS,GOLDM,,,
2026-04-11T03:06:14.160Z,market,trade,TESTE,99954.30854764755,72,,,,BARCL,BTG,,,
2026-04-11T03:06:14.323Z,market,trade,TESTE,99953.62131299384,8,,,,ITAU,XP,,,
2026-04-11T03:06:14.480Z,market,trade,TESTE,99956.99694668739,89,,,,BTG,XP,,,
2026-04-11T03:06:14.644Z,market,trade,TESTE,99965.04772186377,31,,,,CS,MS,,,
2026-04-11T03:06:14.801Z,market,trade,TESTE,99962.47403880913,32,,,,CS,UBS,,,
2026-04-11T03:06:14.960Z,market,trade,TESTE,99963.99992843861,193,,,,CS,XP,,,
2026-04-11T03:06:15.116Z,market,trade,TESTE,99952.08563721726,53,,,,ITAU,MS,,,
2026-04-11T03:06:15.281Z,market,trade,TESTE,99963.85126729398,127,,,,UBS,CS,,,
2026-04-11T03:06:15.446Z,market,trade,TESTE,99966.79982637383,134,,,,MS,GOLDM,,,
2026-04-11T03:06:15.600Z,market,trade,TESTE,99953.91162669008,132,,,,MS,CS,,,
2026-04-11T03:06:15.762Z,market,trade,TESTE,99966.63551670888,157,,,,XP,GOLDM,,,
2026-04-11T03:06:15.915Z,market,trade,TESTE,99971.08160362876,61,,,,CITI,BTG,,,
2026-04-11T03:06:16.080Z,market,trade,TESTE,99971.65702450719,49,,,,JPM,ITAU,,,
2026-04-11T03:06:16.239Z,market,trade,TESTE,99959.76215827117,168,,,,BARCL,CITI,,,
2026-04-11T03:06:16.399Z,market,trade,TESTE,99972.70794731202,56,,,,UBS,CITI,,,
2026-04-11T03:06:16.560Z,market,trade,TESTE,99963.40454498757,68,,,,BARCL,XP,,,
2026-04-11T03:06:16.720Z,market,trade,TESTE,99970.5099484699,126,,,,XP,JPM,,,
2026-04-11T03:06:16.885Z,market,trade,TESTE,99956.61666119823,168,,,,UBS,XP,,,
2026-04-11T03:06:17.051Z,market,trade,TESTE,99960.29501187468,194,,,,MS,XP,,,
2026-04-11T03:06:17.205Z,market,trade,TESTE,99963.01004726531,87,,,,BARCL,BTG,,,
2026-04-11T03:06:17.360Z,market,trade,TESTE,99974.81482951934,133,,,,BTG,GOLDM,,,
2026-04-11T03:06:17.517Z,market,trade,TESTE,99978.27994085003,58,,,,CS,XP,,,
2026-04-11T03:06:17.677Z,market,trade,TESTE,99981.06453354022,141,,,,BARCL,GOLDM,,,
2026-04-11T03:06:17.831Z,market,trade,TESTE,99985.82713837798,115,,,,CITI,ITAU,,,
2026-04-11T03:06:17.986Z,market,trade,TESTE,99977.26794269966,137,,,,CITI,BTG,,,
2026-04-11T03:06:18.139Z,market,trade,TESTE,99991.08608520743,128,,,,UBS,BARCL,,,
2026-04-11T03:06:18.302Z,market,trade,TESTE,99976.74337317486,193,,,,CS,JPM,,,
2026-04-11T03:06:18.468Z,market,trade,TESTE,99981.56525249964,42,,,,GOLDM,ITAU,,,
2026-04-11T03:06:18.624Z,market,trade,TESTE,99982.42607476011,149,,,,XP,XP,,,
2026-04-11T03:06:18.776Z,market,trade,TESTE,99995.12221881008,39,,,,MS,ITAU,,,
2026-04-11T03:06:18.937Z,market,trade,TESTE,99984.89274462337,78,,,,ITAU,CS,,,
2026-04-11T03:06:19.102Z,market,trade,TESTE,99994.37511286132,18,,,,MS,BTG,,,
2026-04-11T03:06:19.259Z,market,trade,TESTE,99997.53561866896,193,,,,GOLDM,JPM,,,
2026-04-11T03:06:19.424Z,market,trade,TESTE,99996.39785634157,146,,,,CS,UBS,,,
2026-04-11T03:06:19.583Z,market,trade,TESTE,100001.18595465083,181,,,,XP,CS,,,
2026-04-11T03:06:19.740Z,market,trade,TESTE,99988.56055448455,152,,,,MS,XP,,,
2026-04-11T03:06:19.892Z,market,trade,TESTE,99991.7131793026,72,,,,GOLDM,MS,,,
2026-04-11T03:06:20.043Z,market,trade,TESTE,100002.21600502284,166,,,,BARCL,CITI,,,
2026-04-11T03:06:20.203Z,market,trade,TESTE,100002.94538320984,85,,,,ITAU,GOLDM,,,
2026-04-11T03:06:20.364Z,market,trade,TESTE,99995.49148659452,92,,,,MS,BTG,,,
2026-04-11T03:06:20.517Z,market,trade,TESTE,99992.25471236209,50,,,,BARCL,UBS,,,
2026-04-11T03:06:20.684Z,market,trade,TESTE,99998.45048601524,29,,,,MS,MS,,,
2026-04-11T03:06:20.844Z,market,trade,TESTE,99985.417127396,115,,,,BARCL,XP,,,
2026-04-11T03:06:20.996Z,market,trade,TESTE,99998.9153874389,52,,,,XP,BTG,,,
2026-04-11T03:06:21.147Z,market,trade,TESTE,100001.04368226978,189,,,,CITI,BARCL,,,
2026-04-11T03:06:21.298Z,market,trade,TESTE,99988.93003429,39,,,,UBS,ITAU,,,
2026-04-11T03:06:21.451Z,market,trade,TESTE,99985.9319960963,25,,,,MS,GOLDM,,,
2026-04-11T03:06:21.607Z,market,trade,TESTE,99998.36276432728,173,,,,CS,XP,,,
2026-04-11T03:06:21.761Z,market,trade,TESTE,99989.55311741958,109,,,,XP,CS,,,
2026-04-11T03:06:21.912Z,market,trade,TESTE,99991.48745056025,173,,,,GOLDM,CITI,,,
2026-04-11T03:06:22.063Z,market,trade,TESTE,99993.56868132076,42,,,,XP,JPM,,,
2026-04-11T03:06:22.221Z,market,trade,TESTE,99989.74344903097,17,,,,XP,BTG,,,
2026-04-11T03:06:22.372Z,market,trade,TESTE,99988.28540108558,110,,,,ITAU,ITAU,,,
2026-04-11T03:06:22.523Z,market,trade,TESTE,99986.76893675684,136,,,,UBS,BARCL,,,
2026-04-11T03:06:22.680Z,market,trade,TESTE,99996.70784647057,25,,,,JPM,CITI,,,
2026-04-11T03:06:22.831Z,market,trade,TESTE,99997.16929161614,110,,,,XP,CS,,,
2026-04-11T03:06:22.982Z,market,trade,TESTE,99984.03384132977,35,,,,CS,XP,,,
2026-04-11T03:06:23.143Z,market,trade,TESTE,99981.34566932268,198,,,,CS,JPM,,,
2026-04-11T03:06:23.302Z,market,trade,TESTE,99994.73399380354,120,,,,CITI,JPM,,,
2026-04-11T03:06:23.457Z,market,trade,TESTE,99997.68437605158,62,,,,BTG,BTG,,,
2026-04-11T03:06:23.607Z,market,trade,TESTE,99990.10365340191,65,,,,MS,BARCL,,,
2026-04-11T03:06:23.772Z,market,trade,TESTE,99992.98726985184,28,,,,ITAU,MS,,,
2026-04-11T03:06:23.923Z,market,trade,TESTE,99998.01932842069,94,,,,XP,ITAU,,,
2026-04-11T03:06:24.080Z,market,trade,TESTE,99986.44418377036,140,,,,BTG,UBS,,,
2026-04-11T03:06:24.244Z,market,trade,TESTE,99983.77510600002,8,,,,CITI,MS,,,
2026-04-11T03:06:24.402Z,market,trade,TESTE,99983.26577731333,157,,,,GOLDM,MS,,,
2026-04-11T03:06:24.560Z,market,trade,TESTE,99986.13380396894,134,,,,BTG,JPM,,,
2026-04-11T03:06:24.719Z,market,trade,TESTE,99999.19133922606,55,,,,CS,XP,,,
2026-04-11T03:06:24.883Z,market,trade,TESTE,100002.67971670257,71,,,,CS,BARCL,,,
2026-04-11T03:06:25.038Z,market,trade,TESTE,99991.43600793762,158,,,,MS,ITAU,,,
2026-04-11T03:06:25.191Z,market,trade,TESTE,100005.4427343542,96,,,,MS,GOLDM,,,
2026-04-11T03:06:25.342Z,market,trade,TESTE,99998.77418337275,146,,,,JPM,ITAU,,,
2026-04-11T03:06:25.494Z,market,trade,TESTE,100000.70185229603,116,,,,MS,ITAU,,,
2026-04-11T03:06:25.646Z,market,trade,TESTE,100001.88733216011,159,,,,MS,CS,,,
2026-04-11T03:06:25.797Z,market,trade,TESTE,99997.1181240689,193,,,,ITAU,MS,,,
2026-04-11T03:06:25.948Z,market,trade,TESTE,99996.9775844845,171,,,,MS,XP,,,
2026-04-11T03:06:26.100Z,market,trade,TESTE,99997.10337537102,178,,,,GOLDM,XP,,,
2026-04-11T03:06:26.251Z,market,trade,TESTE,100001.10480903831,106,,,,BTG,BARCL,,,
2026-04-11T03:06:26.405Z,market,trade,TESTE,99996.32522472205,40,,,,CS,BARCL,,,
2026-04-11T03:06:26.566Z,market,trade,TESTE,99999.3951004931,70,,,,MS,CITI,,,
2026-04-11T03:06:26.728Z,market,trade,TESTE,100006.44859274417,120,,,,XP,MS,,,
2026-04-11T03:06:26.884Z,market,trade,TESTE,99997.34193941759,55,,,,BTG,BTG,,,
2026-04-11T03:06:27.048Z,market,trade,TESTE,99993.2930163505,95,,,,BTG,JPM,,,
2026-04-11T03:06:27.207Z,market,trade,TESTE,99991.77376939253,190,,,,CS,MS,,,
2026-04-11T03:06:27.367Z,market,trade,TESTE,100006.43590093212,61,,,,JPM,CITI,,,
2026-04-11T03:06:27.527Z,market,trade,TESTE,100010.22256103491,76,,,,JPM,BTG,,,
2026-04-11T03:06:27.688Z,market,trade,TESTE,99998.7361640332,169,,,,MS,GOLDM,,,
2026-04-11T03:06:27.848Z,market,trade,TESTE,100000.2001576335,79,,,,UBS,UBS,,,
2026-04-11T03:06:28.007Z,market,trade,TESTE,100004.99774380965,74,,,,ITAU,CS,,,
2026-04-11T03:06:28.166Z,market,trade,TESTE,100012.32721520134,115,,,,GOLDM,MS,,,
2026-04-11T03:06:28.321Z,market,trade,TESTE,100013.86703478327,130,,,,GOLDM,CITI,,,
2026-04-11T03:06:28.471Z,market,trade,TESTE,100011.52453648829,84,,,,MS,CITI,,,
2026-04-11T03:06:28.628Z,market,trade,TESTE,100014.28094449501,124,,,,GOLDM,CS,,,
2026-04-11T03:06:28.786Z,market,trade,TESTE,100006.53909430854,81,,,,JPM,JPM,,,
2026-04-11T03:06:28.946Z,market,trade,TESTE,100001.75903064567,33,,,,XP,ITAU,,,
2026-04-11T03:06:29.100Z,market,trade,TESTE,100004.42815271986,168,,,,BARCL,BARCL,,,
2026-04-11T03:06:29.251Z,market,trade,TESTE,100003.98512291885,194,,,,CS,BARCL,,,
2026-04-11T03:06:29.401Z,market,trade,TESTE,100014.49647697216,70,,,,XP,JPM,,,
2026-04-11T03:06:29.560Z,market,trade,TESTE,100015.82685732609,9,,,,CS,BTG,,,
2026-04-11T03:06:29.711Z,market,trade,TESTE,100003.57078365587,75,,,,JPM,UBS,,,
2026-04-11T03:06:29.862Z,market,trade,TESTE,100011.18608459765,100,,,,XP,BARCL,,,
2026-04-11T03:06:30.015Z,market,trade,TESTE,100003.06020795649,13,,,,ITAU,CITI,,,
2026-04-11T03:06:30.171Z,market,trade,TESTE,100003.52650393591,16,,,,BTG,GOLDM,,,
2026-04-11T03:06:30.326Z,market,trade,TESTE,100009.04360430194,82,,,,UBS,JPM,,,
2026-04-11T03:06:30.484Z,market,trade,TESTE,100004.42095712406,44,,,,ITAU,UBS,,,
2026-04-11T03:06:30.636Z,market,trade,TESTE,100007.44789460723,85,,,,JPM,BARCL,,,
2026-04-11T03:06:30.801Z,market,trade,TESTE,100003.63990228009,22,,,,CITI,CS,,,
2026-04-11T03:06:30.958Z,market,trade,TESTE,99990.64281526957,98,,,,ITAU,JPM,,,
2026-04-11T03:06:31.119Z,market,trade,TESTE,99987.34232930708,176,,,,BTG,MS,,,
2026-04-11T03:06:31.282Z,market,trade,TESTE,99986.41439961416,70,,,,CITI,ITAU,,,
2026-04-11T03:06:31.441Z,market,trade,TESTE,99990.24784788412,129,,,,XP,BARCL,,,
2026-04-11T03:06:31.603Z,market,trade,TESTE,99989.87671236898,108,,,,BARCL,ITAU,,,
2026-04-11T03:06:31.762Z,market,trade,TESTE,99991.82815895362,200,,,,UBS,XP,,,
2026-04-11T03:06:31.921Z,market,trade,TESTE,99988.14655282829,54,,,,MS,JPM,,,
2026-04-11T03:06:32.071Z,market,trade,TESTE,100000.63732032542,35,,,,BTG,CITI,,,
2026-04-11T03:06:32.222Z,market,trade,TESTE,100002.47356999609,43,,,,GOLDM,ITAU,,,
2026-04-11T03:06:32.375Z,market,trade,TESTE,99997.6415976946,171,,,,XP,XP,,,
2026-04-11T03:06:32.526Z,market,trade,TESTE,99984.69259523238,187,,,,ITAU,BARCL,,,
2026-04-11T03:06:32.688Z,market,trade,TESTE,99986.16891073587,147,,,,ITAU,GOLDM,,,
2026-04-11T03:06:32.844Z,market,trade,TESTE,99990.1673251428,58,,,,ITAU,MS,,,
2026-04-11T03:06:33.006Z,market,trade,TESTE,99988.30569971424,112,,,,BARCL,XP,,,
2026-04-11T03:06:33.157Z,market,trade,TESTE,99994.89798841788,190,,,,XP,CS,,,
2026-04-11T03:06:33.308Z,market,trade,TESTE,99995.06094741168,52,,,,JPM,BTG,,,
2026-04-11T03:06:33.460Z,market,trade,TESTE,99995.98388524607,179,,,,MS,UBS,,,
2026-04-11T03:06:33.613Z,market,trade,TESTE,99988.04059472526,186,,,,JPM,CS,,,
2026-04-11T03:06:33.768Z,market,trade,TESTE,99994.1890398133,43,,,,MS,CS,,,
2026-04-11T03:06:33.921Z,market,trade,TESTE,99983.80721200867,18,,,,MS,BTG,,,
2026-04-11T03:06:34.087Z,market,trade,TESTE,99981.0147403244,28,,,,UBS,GOLDM,,,
2026-04-11T03:06:34.241Z,market,trade,TESTE,99990.38033571334,150,,,,BTG,UBS,,,
2026-04-11T03:06:34.393Z,market,trade,TESTE,99993.63883828364,75,,,,UBS,XP,,,
2026-04-11T03:06:34.544Z,market,trade,TESTE,99994.41240582209,36,,,,GOLDM,MS,,,
2026-04-11T03:06:34.696Z,market,trade,TESTE,99989.40627520003,158,,,,XP,JPM,,,
2026-04-11T03:06:34.848Z,market,trade,TESTE,99999.87942068589,190,,,,JPM,GOLDM,,,
2026-04-11T03:06:34.999Z,market,trade,TESTE,99994.19049107507,29,,,,CS,CITI,,,
2026-04-11T03:06:35.151Z,market,trade,TESTE,100003.15997167313,85,,,,UBS,CITI,,,
2026-04-11T03:06:35.303Z,market,trade,TESTE,100006.4354765157,154,,,,BTG,ITAU,,,
2026-04-11T03:06:35.468Z,market,trade,TESTE,100009.30919602035,70,,,,MS,CS,,,
2026-04-11T03:06:35.622Z,market,trade,TESTE,100005.16156507478,9,,,,BARCL,GOLDM,,,
2026-04-11T03:06:35.785Z,market,trade,TESTE,100003.02797636541,46,,,,CS,UBS,,,
2026-04-11T03:06:35.940Z,market,trade,TESTE,99990.64051078151,123,,,,UBS,CITI,,,
2026-04-11T03:06:36.104Z,market,trade,TESTE,99995.91902423017,63,,,,ITAU,BTG,,,
2026-04-11T03:06:36.259Z,market,trade,TESTE,99996.35483280174,130,,,,XP,CITI,,,
2026-04-11T03:06:36.410Z,market,trade,TESTE,99985.81020387461,91,,,,CITI,BARCL,,,
2026-04-11T03:06:36.565Z,market,trade,TESTE,99991.94434016498,173,,,,CITI,JPM,,,
2026-04-11T03:06:36.721Z,market,trade,TESTE,99983.41136601035,49,,,,CITI,BARCL,,,
2026-04-11T03:06:36.880Z,market,trade,TESTE,99989.44281954411,82,,,,ITAU,BTG,,,
2026-04-11T03:06:37.040Z,market,trade,TESTE,99992.00500978355,124,,,,JPM,CS,,,
2026-04-11T03:06:37.196Z,market,trade,TESTE,99984.98945584112,144,,,,CS,ITAU,,,
2026-04-11T03:06:37.361Z,market,trade,TESTE,99999.79218089144,189,,,,XP,JPM,,,
2026-04-11T03:06:37.524Z,market,trade,TESTE,99987.6684225327,197,,,,CITI,XP,,,
2026-04-11T03:06:37.684Z,market,trade,TESTE,99999.46933343651,186,,,,JPM,CS,,,
2026-04-11T03:06:37.849Z,market,trade,TESTE,99990.28557953882,194,,,,XP,CS,,,
2026-04-11T03:06:38.009Z,market,trade,TESTE,99985.73375396991,121,,,,GOLDM,XP,,,
2026-04-11T03:06:38.160Z,market,trade,TESTE,99993.40559075637,176,,,,MS,BTG,,,
2026-04-11T03:06:38.311Z,market,trade,TESTE,99986.58825598974,65,,,,CS,BTG,,,
2026-04-11T03:06:38.462Z,market,trade,TESTE,99989.30523911974,108,,,,JPM,ITAU,,,
2026-04-11T03:06:38.625Z,market,trade,TESTE,99989.36370427361,70,,,,MS,XP,,,
2026-04-11T03:06:38.786Z,market,trade,TESTE,99986.28073250856,9,,,,JPM,GOLDM,,,
2026-04-11T03:06:38.937Z,market,trade,TESTE,99992.4172641637,100,,,,MS,MS,,,
2026-04-11T03:06:39.088Z,market,trade,TESTE,99984.02350912163,180,,,,BTG,JPM,,,
2026-04-11T03:06:39.240Z,market,trade,TESTE,99993.14789549437,58,,,,MS,CS,,,
2026-04-11T03:06:39.399Z,market,trade,TESTE,99979.28234578363,79,,,,GOLDM,JPM,,,
2026-04-11T03:06:39.560Z,market,trade,TESTE,99979.62490587145,150,,,,JPM,BARCL,,,
2026-04-11T03:06:39.720Z,market,trade,TESTE,99991.10323409711,99,,,,BTG,ITAU,,,
2026-04-11T03:06:39.885Z,market,trade,TESTE,99984.27176368434,36,,,,MS,BARCL,,,
2026-04-11T03:06:40.039Z,market,trade,TESTE,99998.1513401407,11,,,,BTG,GOLDM,,,
2026-04-11T03:06:40.199Z,market,trade,TESTE,99989.43702175657,183,,,,CS,ITAU,,,
2026-04-11T03:06:40.360Z,market,trade,TESTE,100004.27436042916,46,,,,GOLDM,ITAU,,,
2026-04-11T03:06:40.511Z,market,trade,TESTE,100005.87579952036,21,,,,GOLDM,BTG,,,
2026-04-11T03:06:40.666Z,market,trade,TESTE,99996.28977058445,173,,,,JPM,CITI,,,
2026-04-11T03:06:40.832Z,market,trade,TESTE,99992.94899175662,42,,,,CITI,XP,,,
2026-04-11T03:06:40.987Z,market,trade,TESTE,99996.85163608,176,,,,UBS,BTG,,,
2026-04-11T03:06:41.139Z,market,trade,TESTE,99999.23047910447,163,,,,GOLDM,BTG,,,
2026-04-11T03:06:41.300Z,market,trade,TESTE,99996.61138939435,57,,,,MS,BARCL,,,
2026-04-11T03:06:41.464Z,market,trade,TESTE,99992.18906465083,154,,,,CITI,MS,,,
2026-04-11T03:06:41.619Z,market,trade,TESTE,100005.74673468877,92,,,,ITAU,JPM,,,
2026-04-11T03:06:41.781Z,market,trade,TESTE,99999.6002883012,150,,,,UBS,ITAU,,,
2026-04-11T03:06:41.939Z,market,trade,TESTE,100000.89206370444,199,,,,CS,BARCL,,,
2026-04-11T03:06:42.100Z,market,trade,TESTE,100010.6489753671,105,,,,BTG,JPM,,,
2026-04-11T03:06:42.264Z,market,trade,TESTE,100008.58140982348,170,,,,JPM,XP,,,
2026-04-11T03:06:42.420Z,market,trade,TESTE,100012.2817799749,104,,,,UBS,UBS,,,
2026-04-11T03:06:42.580Z,market,trade,TESTE,100009.2137407703,199,,,,CS,UBS,,,
2026-04-11T03:06:42.739Z,market,trade,TESTE,100007.38736257963,10,,,,BTG,BTG,,,
2026-04-11T03:06:42.898Z,market,trade,TESTE,100006.44668153975,89,,,,BTG,UBS,,,
2026-04-11T03:06:43.052Z,market,trade,TESTE,99995.55159193293,118,,,,XP,JPM,,,
2026-04-11T03:06:43.204Z,market,trade,TESTE,99995.47565776057,181,,,,CITI,GOLDM,,,
2026-04-11T03:06:43.362Z,market,trade,TESTE,100010.1624170222,86,,,,BARCL,CITI,,,
2026-04-11T03:06:43.514Z,market,trade,TESTE,100001.8722259167,42,,,,CS,XP,,,
2026-04-11T03:06:43.671Z,market,trade,TESTE,100015.97815630132,181,,,,MS,BTG,,,
2026-04-11T03:06:43.824Z,market,trade,TESTE,100004.18014438475,133,,,,CITI,JPM,,,
2026-04-11T03:06:43.975Z,market,trade,TESTE,100014.8475041221,63,,,,XP,UBS,,,
2026-04-11T03:06:44.127Z,market,trade,TESTE,100001.18016735591,46,,,,BARCL,MS,,,
2026-04-11T03:06:44.288Z,market,trade,TESTE,100009.78579241874,103,,,,CS,GOLDM,,,
2026-04-11T03:06:44.450Z,market,trade,TESTE,100000.87090832576,118,,,,GOLDM,BARCL,,,
2026-04-11T03:06:44.605Z,market,trade,TESTE,99999.57305370839,44,,,,GOLDM,ITAU,,,
2026-04-11T03:06:44.768Z,market,trade,TESTE,100001.74321306591,26,,,,XP,XP,,,
2026-04-11T03:06:44.931Z,market,trade,TESTE,99999.91748731902,159,,,,MS,CITI,,,
2026-04-11T03:06:45.087Z,market,trade,TESTE,100003.83654589544,52,,,,CITI,CS,,,
2026-04-11T03:06:45.252Z,market,trade,TESTE,100000.43601632908,139,,,,ITAU,XP,,,
2026-04-11T03:06:45.407Z,market,trade,TESTE,99997.29886172508,84,,,,XP,XP,,,
2026-04-11T03:06:45.563Z,market,trade,TESTE,99992.29909294819,109,,,,CS,XP,,,
2026-04-11T03:06:45.727Z,market,trade,TESTE,99994.94754063177,80,,,,BARCL,UBS,,,
2026-04-11T03:06:45.878Z,market,trade,TESTE,100001.37632807482,54,,,,BTG,UBS,,,
2026-04-11T03:06:46.043Z,market,trade,TESTE,99991.30237051556,160,,,,BTG,CITI,,,
2026-04-11T03:06:46.204Z,market,trade,TESTE,99996.1664606096,62,,,,CITI,XP,,,
2026-04-11T03:06:46.357Z,market,trade,TESTE,100007.46522059721,71,,,,GOLDM,MS,,,
2026-04-11T03:06:46.524Z,market,trade,TESTE,100009.9049963915,119,,,,GOLDM,BARCL,,,
2026-04-11T03:06:46.676Z,market,trade,TESTE,100009.32180564299,24,,,,JPM,CITI,,,
2026-04-11T03:06:46.827Z,market,trade,TESTE,100002.91262417736,13,,,,JPM,BARCL,,,
2026-04-11T03:06:46.984Z,market,trade,TESTE,100012.49138516445,95,,,,CITI,BARCL,,,
2026-04-11T03:06:47.137Z,market,trade,TESTE,100010.49888540049,62,,,,BTG,ITAU,,,
2026-04-11T03:06:47.299Z,market,trade,TESTE,100014.02355385685,27,,,,CS,CITI,,,
2026-04-11T03:06:47.457Z,market,trade,TESTE,100001.43488528444,146,,,,ITAU,CITI,,,
2026-04-11T03:06:47.608Z,market,trade,TESTE,100008.15222793975,193,,,,XP,UBS,,,
2026-04-11T03:06:47.769Z,market,trade,TESTE,99994.3170992378,127,,,,BTG,BTG,,,
2026-04-11T03:06:47.919Z,market,trade,TESTE,100007.35503706365,113,,,,BARCL,BTG,,,
2026-04-11T03:06:48.083Z,market,trade,TESTE,100007.7137362518,91,,,,JPM,ITAU,,,
2026-04-11T03:06:48.244Z,market,trade,TESTE,100001.46443647031,95,,,,JPM,CS,,,
2026-04-11T03:06:48.402Z,market,trade,TESTE,99998.26726549391,95,,,,UBS,BTG,,,
2026-04-11T03:06:48.557Z,market,trade,TESTE,100006.60632688977,75,,,,ITAU,CS,,,
2026-04-11T03:06:48.709Z,market,trade,TESTE,100005.76724374156,98,,,,BARCL,JPM,,,
2026-04-11T03:06:48.868Z,market,trade,TESTE,100000.69048498142,95,,,,UBS,GOLDM,,,
2026-04-11T03:06:49.020Z,market,trade,TESTE,99998.47636597931,85,,,,ITAU,MS,,,
2026-04-11T03:06:49.171Z,market,trade,TESTE,100006.13948524473,139,,,,BARCL,UBS,,,
2026-04-11T03:06:49.336Z,market,trade,TESTE,100002.43997944324,111,,,,GOLDM,CITI,,,
2026-04-11T03:06:49.491Z,market,trade,TESTE,100004.40790917794,52,,,,GOLDM,GOLDM,,,
2026-04-11T03:06:49.643Z,market,trade,TESTE,100008.78399096441,138,,,,BTG,CITI,,,
2026-04-11T03:06:49.798Z,market,trade,TESTE,100004.43129004897,55,,,,GOLDM,CS,,,
2026-04-11T03:06:49.951Z,market,trade,TESTE,100005.13177473978,137,,,,BTG,JPM,,,
2026-04-11T03:06:50.106Z,market,trade,TESTE,100001.45919116512,159,,,,BTG,CS,,,
2026-04-11T03:06:50.256Z,market,trade,TESTE,99998.53588807405,74,,,,BARCL,BTG,,,
2026-04-11T03:06:50.411Z,market,trade,TESTE,99996.76702547426,142,,,,CS,XP,,,
2026-04-11T03:06:50.567Z,market,trade,TESTE,99981.81214936083,92,,,,MS,CS,,,
2026-04-11T03:06:50.725Z,market,trade,TESTE,99996.74826494817,172,,,,ITAU,CS,,,
2026-04-11T03:06:50.887Z,market,trade,TESTE,99993.30053089166,81,,,,CITI,MS,,,
2026-04-11T03:06:51.039Z,market,trade,TESTE,99983.95713030531,138,,,,JPM,JPM,,,
2026-04-11T03:06:51.198Z,market,trade,TESTE,99989.86515235947,191,,,,BTG,CITI,,,
2026-04-11T03:06:51.351Z,market,trade,TESTE,99991.2284808539,81,,,,XP,JPM,,,
2026-04-11T03:06:51.506Z,market,trade,TESTE,99991.84270580894,22,,,,JPM,BARCL,,,
2026-04-11T03:06:51.657Z,market,trade,TESTE,99979.28357356784,139,,,,ITAU,XP,,,
2026-04-11T03:06:51.814Z,market,trade,TESTE,99983.95267871128,26,,,,JPM,GOLDM,,,
2026-04-11T03:06:51.968Z,market,trade,TESTE,99989.91842793001,141,,,,CITI,XP,,,
2026-04-11T03:06:52.121Z,market,trade,TESTE,99988.84839820712,193,,,,BTG,UBS,,,
2026-04-11T03:06:52.273Z,market,trade,TESTE,99984.21274123993,184,,,,ITAU,GOLDM,,,
2026-04-11T03:06:52.431Z,market,trade,TESTE,99977.33574681937,192,,,,UBS,GOLDM,,,
2026-04-11T03:06:52.582Z,market,trade,TESTE,99991.48069039047,92,,,,XP,UBS,,,
2026-04-11T03:06:52.745Z,market,trade,TESTE,99979.08108106174,79,,,,BTG,CITI,,,
2026-04-11T03:06:52.896Z,market,trade,TESTE,99981.84787416628,154,,,,XP,MS,,,
2026-04-11T03:06:53.064Z,market,trade,TESTE,99985.87702775416,110,,,,XP,XP,,,
2026-04-11T03:06:53.222Z,market,trade,TESTE,99981.0507470339,37,,,,JPM,JPM,,,
2026-04-11T03:06:53.379Z,market,trade,TESTE,99981.77317210104,66,,,,ITAU,JPM,,,
2026-04-11T03:06:53.540Z,market,trade,TESTE,99986.75929387208,130,,,,UBS,XP,,,
2026-04-11T03:06:53.700Z,market,trade,TESTE,100001.3868312528,119,,,,XP,BTG,,,
2026-04-11T03:06:53.864Z,market,trade,TESTE,99996.63380750996,162,,,,BTG,ITAU,,,
2026-04-11T03:06:54.024Z,market,trade,TESTE,99990.85434460561,54,,,,BARCL,BTG,,,
2026-04-11T03:06:54.184Z,market,trade,TESTE,100003.54112881266,29,,,,BARCL,BTG,,,
2026-04-11T03:06:54.339Z,market,trade,TESTE,99994.97716064734,193,,,,XP,JPM,,,
2026-04-11T03:06:54.491Z,market,trade,TESTE,100000.42802955104,87,,,,MS,CS,,,
2026-04-11T03:06:54.651Z,market,trade,TESTE,99985.73937964493,31,,,,CITI,BARCL,,,
2026-04-11T03:06:54.815Z,market,trade,TESTE,99992.47978852286,55,,,,BARCL,CITI,,,
2026-04-11T03:06:54.966Z,market,trade,TESTE,99979.09488227789,58,,,,BTG,GOLDM,,,
2026-04-11T03:06:55.116Z,market,trade,TESTE,99987.07840822943,115,,,,BARCL,UBS,,,
2026-04-11T03:06:55.268Z,market,trade,TESTE,99986.86523328222,195,,,,BTG,BTG,,,
2026-04-11T03:06:55.427Z,market,trade,TESTE,99974.3184203333,79,,,,JPM,BTG,,,
2026-04-11T03:06:55.580Z,market,trade,TESTE,99979.07195909736,72,,,,CITI,BTG,,,
2026-04-11T03:06:55.731Z,market,trade,TESTE,99989.2662358885,142,,,,ITAU,BTG,,,
2026-04-11T03:06:55.884Z,market,trade,TESTE,99985.14139684397,104,,,,XP,XP,,,
2026-04-11T03:06:56.045Z,market,trade,TESTE,99975.12546375416,142,,,,CS,UBS,,,
2026-04-11T03:06:56.206Z,market,trade,TESTE,99978.4159389581,129,,,,BTG,XP,,,
2026-04-11T03:06:56.358Z,market,trade,TESTE,99977.49338807283,73,,,,JPM,MS,,,
2026-04-11T03:06:56.520Z,market,trade,TESTE,99983.07100374367,50,,,,ITAU,GOLDM,,,
2026-04-11T03:06:56.671Z,market,trade,TESTE,99974.63150187532,93,,,,MS,BARCL,,,
2026-04-11T03:06:56.822Z,market,trade,TESTE,99973.35522316111,152,,,,BTG,BTG,,,
2026-04-11T03:06:56.973Z,market,trade,TESTE,99968.4631610589,174,,,,GOLDM,JPM,,,
2026-04-11T03:06:57.123Z,market,trade,TESTE,99966.78030136929,195,,,,UBS,CS,,,
2026-04-11T03:06:57.274Z,market,trade,TESTE,99973.55819254012,161,,,,ITAU,UBS,,,
2026-04-11T03:06:57.427Z,market,trade,TESTE,99962.11231593075,74,,,,CS,BARCL,,,
2026-04-11T03:06:57.579Z,market,trade,TESTE,99965.4389257746,44,,,,MS,XP,,,
2026-04-11T03:06:57.740Z,market,trade,TESTE,99963.25308806087,110,,,,GOLDM,ITAU,,,
2026-04-11T03:06:57.891Z,market,trade,TESTE,99977.61921894083,18,,,,JPM,CS,,,
2026-04-11T03:06:58.044Z,market,trade,TESTE,99966.95560634334,33,,,,ITAU,GOLDM,,,
2026-04-11T03:06:58.203Z,market,trade,TESTE,99979.71237748937,34,,,,CITI,ITAU,,,
2026-04-11T03:06:58.355Z,market,trade,TESTE,99971.56569861117,69,,,,XP,ITAU,,,
2026-04-11T03:06:58.509Z,market,trade,TESTE,99984.02246161598,52,,,,GOLDM,BTG,,,
2026-04-11T03:06:58.659Z,market,trade,TESTE,99977.97167655324,108,,,,MS,GOLDM,,,
2026-04-11T03:06:58.811Z,market,trade,TESTE,99991.92101063735,65,,,,CITI,XP,,,
2026-04-11T03:06:58.964Z,market,trade,TESTE,99979.14830611815,92,,,,CS,CS,,,
2026-04-11T03:06:59.127Z,market,trade,TESTE,99977.68407356156,57,,,,BTG,MS,,,
2026-04-11T03:06:59.286Z,market,trade,TESTE,99982.89214713746,184,,,,CITI,MS,,,
2026-04-11T03:06:59.443Z,market,trade,TESTE,99984.19314566266,179,,,,BARCL,UBS,,,
2026-04-11T03:06:59.595Z,market,trade,TESTE,99987.35690714147,190,,,,MS,BTG,,,
2026-04-11T03:06:59.748Z,market,trade,TESTE,99981.02698648558,79,,,,BARCL,MS,,,
2026-04-11T03:06:59.899Z,market,trade,TESTE,99977.95753057853,111,,,,CITI,CITI,,,
2026-04-11T03:07:00.051Z,market,trade,TESTE,99988.03065874836,159,,,,BTG,JPM,,,
2026-04-11T03:07:00.206Z,market,trade,TESTE,99990.04164040921,16,,,,CS,CITI,,,
2026-04-11T03:07:00.362Z,market,trade,TESTE,99992.8336197387,175,,,,BTG,MS,,,
2026-04-11T03:07:00.520Z,market,trade,TESTE,99991.1227777276,40,,,,BTG,JPM,,,
2026-04-11T03:07:00.684Z,market,trade,TESTE,99981.4981282964,171,,,,CS,BARCL,,,
2026-04-11T03:07:00.835Z,market,trade,TESTE,99987.37692802785,97,,,,CITI,BARCL,,,
2026-04-11T03:07:01.000Z,market,trade,TESTE,99973.35342540925,114,,,,UBS,CS,,,
2026-04-11T03:07:01.151Z,market,trade,TESTE,99977.8844231519,61,,,,BARCL,CITI,,,
2026-04-11T03:07:01.316Z,market,trade,TESTE,99981.06558128625,188,,,,CS,XP,,,
2026-04-11T03:07:01.471Z,market,trade,TESTE,99989.34808501511,50,,,,MS,CS,,,
2026-04-11T03:07:01.631Z,market,trade,TESTE,99983.86791738303,96,,,,BTG,CS,,,
2026-04-11T03:07:01.786Z,market,trade,TESTE,99987.88865061574,193,,,,CS,CITI,,,
2026-04-11T03:07:01.938Z,market,trade,TESTE,100002.4808911436,112,,,,CITI,CS,,,
2026-04-11T03:07:02.098Z,market,trade,TESTE,99991.1446965011,166,,,,ITAU,JPM,,,
2026-04-11T03:07:02.255Z,market,trade,TESTE,99998.94704023383,188,,,,ITAU,MS,,,
2026-04-11T03:07:02.408Z,market,trade,TESTE,99987.95953908292,174,,,,GOLDM,JPM,,,
2026-04-11T03:07:02.567Z,market,trade,TESTE,99994.93748517754,183,,,,CS,CITI,,,
2026-04-11T03:07:02.726Z,market,trade,TESTE,99991.36502792062,117,,,,JPM,MS,,,
2026-04-11T03:07:02.881Z,market,trade,TESTE,99989.23367650672,97,,,,BTG,BARCL,,,
2026-04-11T03:07:03.034Z,market,trade,TESTE,99983.44774750536,141,,,,BARCL,JPM,,,
2026-04-11T03:07:03.185Z,market,trade,TESTE,99998.34670068807,138,,,,UBS,ITAU,,,
2026-04-11T03:07:03.340Z,market,trade,TESTE,99997.107958254,48,,,,GOLDM,CS,,,
2026-04-11T03:07:03.496Z,market,trade,TESTE,99987.44367164999,144,,,,ITAU,ITAU,,,
2026-04-11T03:07:03.647Z,market,trade,TESTE,99994.50141938565,130,,,,CITI,CS,,,
2026-04-11T03:07:03.800Z,market,trade,TESTE,99990.71846839423,136,,,,JPM,UBS,,,
2026-04-11T03:07:03.951Z,market,trade,TESTE,99988.25823021594,149,,,,GOLDM,UBS,,,
2026-04-11T03:07:04.113Z,market,trade,TESTE,99974.75024479562,153,,,,BARCL,BTG,,,
2026-04-11T03:07:04.267Z,market,trade,TESTE,99971.1560698925,148,,,,JPM,JPM,,,
2026-04-11T03:07:04.419Z,market,trade,TESTE,99974.48151470054,85,,,,MS,BARCL,,,
2026-04-11T03:07:04.571Z,market,trade,TESTE,99981.35610732275,44,,,,UBS,BARCL,,,
2026-04-11T03:07:04.722Z,market,trade,TESTE,99976.86683827842,92,,,,ITAU,XP,,,
2026-04-11T03:07:04.883Z,market,trade,TESTE,99966.11348954693,140,,,,CITI,BTG,,,
2026-04-11T03:07:05.038Z,market,trade,TESTE,99963.02537568311,59,,,,BARCL,GOLDM,,,
2026-04-11T03:07:05.198Z,market,trade,TESTE,99976.98056605109,87,,,,MS,ITAU,,,
2026-04-11T03:07:05.351Z,market,trade,TESTE,99971.62430106201,148,,,,MS,BTG,,,
2026-04-11T03:07:05.506Z,market,trade,TESTE,99966.83376260963,158,,,,UBS,ITAU,,,
2026-04-11T03:07:05.662Z,market,trade,TESTE,99979.65052423338,21,,,,JPM,ITAU,,,
2026-04-11T03:07:05.815Z,market,trade,TESTE,99978.28239267127,64,,,,CS,UBS,,,
2026-04-11T03:07:05.966Z,market,trade,TESTE,99966.46560615489,8,,,,ITAU,CITI,,,
2026-04-11T03:07:06.118Z,market,trade,TESTE,99977.08284261587,57,,,,CITI,BARCL,,,
2026-04-11T03:07:06.271Z,market,trade,TESTE,99978.72709284772,108,,,,ITAU,XP,,,
2026-04-11T03:07:06.427Z,market,trade,TESTE,99964.54228131834,56,,,,BTG,JPM,,,
2026-04-11T03:07:06.578Z,market,trade,TESTE,99969.61752189934,94,,,,CS,CS,,,
2026-04-11T03:07:06.740Z,market,trade,TESTE,99954.85503146313,141,,,,XP,MS,,,
2026-04-11T03:07:06.900Z,market,trade,TESTE,99958.69137850944,27,,,,XP,BTG,,,
2026-04-11T03:07:07.059Z,market,trade,TESTE,99955.35194168241,123,,,,BARCL,BTG,,,
2026-04-11T03:07:07.223Z,market,trade,TESTE,99951.80389322726,51,,,,MS,MS,,,
2026-04-11T03:07:07.386Z,market,trade,TESTE,99948.92131004012,60,,,,BARCL,XP,,,
2026-04-11T03:07:07.549Z,market,trade,TESTE,99959.2515305842,181,,,,ITAU,XP,,,
2026-04-11T03:07:07.700Z,market,trade,TESTE,99958.08850932293,163,,,,CITI,JPM,,,
2026-04-11T03:07:07.852Z,market,trade,TESTE,99947.66822184592,44,,,,XP,CS,,,
2026-04-11T03:07:08.007Z,market,trade,TESTE,99946.78879280834,13,,,,XP,XP,,,
2026-04-11T03:07:08.171Z,market,trade,TESTE,99951.13663945245,26,,,,CITI,CITI,,,
2026-04-11T03:07:08.323Z,market,trade,TESTE,99965.89383321769,14,,,,UBS,BTG,,,
2026-04-11T03:07:08.474Z,market,trade,TESTE,99959.17793565591,142,,,,CITI,JPM,,,
2026-04-11T03:07:08.628Z,market,trade,TESTE,99965.95179494965,88,,,,ITAU,XP,,,
2026-04-11T03:07:08.784Z,market,trade,TESTE,99954.302225089,95,,,,CS,CS,,,
2026-04-11T03:07:08.935Z,market,trade,TESTE,99950.221318639,24,,,,UBS,MS,,,
2026-04-11T03:07:09.091Z,market,trade,TESTE,99963.52587355171,37,,,,BTG,UBS,,,
2026-04-11T03:07:09.256Z,market,trade,TESTE,99963.88420638903,83,,,,JPM,BTG,,,
2026-04-11T03:07:09.419Z,market,trade,TESTE,99956.80022159124,152,,,,BARCL,MS,,,
2026-04-11T03:07:09.583Z,market,trade,TESTE,99955.93449463685,5,,,,XP,UBS,,,
2026-04-11T03:07:09.739Z,market,trade,TESTE,99968.98109187346,149,,,,CITI,MS,,,
2026-04-11T03:07:09.891Z,market,trade,TESTE,99964.3001748161,146,,,,XP,JPM,,,
2026-04-11T03:07:10.044Z,market,trade,TESTE,99956.16284278219,196,,,,JPM,CITI,,,
2026-04-11T03:07:10.207Z,market,trade,TESTE,99954.655716227,95,,,,BTG,CITI,,,
2026-04-11T03:07:10.363Z,market,trade,TESTE,99959.50997085185,147,,,,JPM,XP,,,
2026-04-11T03:07:10.524Z,market,trade,TESTE,99955.4383558752,172,,,,MS,GOLDM,,,
2026-04-11T03:07:10.680Z,market,trade,TESTE,99970.20264687145,49,,,,ITAU,CS,,,
2026-04-11T03:07:10.847Z,market,trade,TESTE,99968.55138650241,148,,,,MS,CITI,,,
2026-04-11T03:07:10.999Z,market,trade,TESTE,99964.05181011386,119,,,,MS,XP,,,
2026-04-11T03:07:11.151Z,market,trade,TESTE,99962.46139460277,26,,,,CS,JPM,,,
2026-04-11T03:07:11.312Z,market,trade,TESTE,99947.927992855,74,,,,MS,JPM,,,
2026-04-11T03:07:11.471Z,market,trade,TESTE,99954.76468280284,161,,,,CS,CITI,,,
2026-04-11T03:07:11.632Z,market,trade,TESTE,99956.06761242308,143,,,,ITAU,BTG,,,
2026-04-11T03:07:11.784Z,market,trade,TESTE,99956.41712778475,146,,,,GOLDM,JPM,,,
2026-04-11T03:07:11.934Z,market,trade,TESTE,99957.82159313181,51,,,,BTG,GOLDM,,,
2026-04-11T03:07:12.099Z,market,trade,TESTE,99943.22630128429,40,,,,BTG,JPM,,,
2026-04-11T03:07:12.264Z,market,trade,TESTE,99946.38584451616,119,,,,ITAU,MS,,,
2026-04-11T03:07:12.416Z,market,trade,TESTE,99956.80161665079,82,,,,CS,GOLDM,,,
2026-04-11T03:07:12.592Z,market,trade,TESTE,99954.61663169511,52,,,,MS,ITAU,,,
2026-04-11T03:07:12.750Z,market,trade,TESTE,99948.22308602784,164,,,,JPM,ITAU,,,
2026-04-11T03:07:12.901Z,market,trade,TESTE,99944.70857437758,140,,,,UBS,ITAU,,,
2026-04-11T03:07:13.052Z,market,trade,TESTE,99947.89004288874,177,,,,CS,CS,,,
2026-04-11T03:07:13.208Z,market,trade,TESTE,99957.7382535888,47,,,,CS,GOLDM,,,
2026-04-11T03:07:13.366Z,market,trade,TESTE,99944.22422276839,166,,,,MS,GOLDM,,,
2026-04-11T03:07:13.526Z,market,trade,TESTE,99952.28860843954,97,,,,JPM,GOLDM,,,
2026-04-11T03:07:13.690Z,market,trade,TESTE,99956.07921365429,18,,,,CS,BARCL,,,
2026-04-11T03:07:13.846Z,market,trade,TESTE,99949.46856716111,130,,,,BTG,BTG,,,
2026-04-11T03:07:14.008Z,market,trade,TESTE,99961.05476123896,193,,,,CITI,ITAU,,,
2026-04-11T03:07:14.169Z,market,trade,TESTE,99963.5207770416,75,,,,BARCL,CITI,,,
2026-04-11T03:07:14.330Z,market,trade,TESTE,99960.59599834488,64,,,,CS,XP,,,
2026-04-11T03:07:14.502Z,market,trade,TESTE,99965.13413259179,65,,,,CS,GOLDM,,,
2026-04-11T03:07:14.666Z,market,trade,TESTE,99961.78465882938,131,,,,JPM,MS,,,
2026-04-11T03:07:14.826Z,market,trade,TESTE,99956.52137375844,162,,,,CS,UBS,,,
2026-04-11T03:07:14.994Z,market,trade,TESTE,99970.32449296438,166,,,,BARCL,CITI,,,
2026-04-11T03:07:15.150Z,market,trade,TESTE,99972.9024053396,198,,,,XP,CITI,,,
2026-04-11T03:07:15.313Z,market,trade,TESTE,99977.35673736644,72,,,,BARCL,JPM,,,
2026-04-11T03:07:15.473Z,market,trade,TESTE,99970.44568857034,193,,,,XP,MS,,,
2026-04-11T03:07:15.628Z,market,trade,TESTE,99966.51830972871,79,,,,BARCL,BTG,,,
2026-04-11T03:07:15.793Z,market,trade,TESTE,99970.92556049654,22,,,,MS,MS,,,
2026-04-11T03:07:15.947Z,market,trade,TESTE,99978.01841435535,8,,,,MS,UBS,,,
2026-04-11T03:07:16.111Z,market,trade,TESTE,99964.53764484372,139,,,,BTG,BARCL,,,
2026-04-11T03:07:16.267Z,market,trade,TESTE,99974.39291625237,52,,,,JPM,CS,,,
2026-04-11T03:07:16.426Z,market,trade,TESTE,99970.52899930882,72,,,,BARCL,BTG,,,
2026-04-11T03:07:16.587Z,market,trade,TESTE,99968.42000270564,75,,,,MS,MS,,,
2026-04-11T03:07:16.745Z,market,trade,TESTE,99961.34968021075,32,,,,CS,XP,,,
2026-04-11T03:07:16.897Z,market,trade,TESTE,99971.72438187094,72,,,,BTG,BTG,,,
2026-04-11T03:07:17.052Z,market,trade,TESTE,99963.3682279365,88,,,,BTG,BARCL,,,
2026-04-11T03:07:17.206Z,market,trade,TESTE,99962.35150102766,15,,,,CITI,GOLDM,,,
2026-04-11T03:07:17.366Z,market,trade,TESTE,99964.28921612227,118,,,,MS,MS,,,
2026-04-11T03:07:17.518Z,market,trade,TESTE,99963.7769959548,92,,,,BTG,XP,,,
2026-04-11T03:07:17.672Z,market,trade,TESTE,99978.23692747456,183,,,,CITI,ITAU,,,
2026-04-11T03:07:17.833Z,market,trade,TESTE,99973.2634912392,108,,,,ITAU,UBS,,,
2026-04-11T03:07:17.997Z,market,trade,TESTE,99964.66680221962,124,,,,CS,JPM,,,
2026-04-11T03:07:18.161Z,market,trade,TESTE,99978.13897896068,18,,,,ITAU,MS,,,
2026-04-11T03:07:18.328Z,market,trade,TESTE,99982.84198905122,158,,,,ITAU,BARCL,,,
2026-04-11T03:07:18.486Z,market,trade,TESTE,99985.57980738427,136,,,,XP,BARCL,,,
2026-04-11T03:07:18.647Z,market,trade,TESTE,99976.38001898729,44,,,,MS,XP,,,
2026-04-11T03:07:18.798Z,market,trade,TESTE,99983.86939575685,195,,,,BTG,BARCL,,,
2026-04-11T03:07:18.949Z,market,trade,TESTE,99974.21738674614,161,,,,ITAU,JPM,,,
2026-04-11T03:07:19.106Z,market,trade,TESTE,99980.96546107439,35,,,,BTG,ITAU,,,
2026-04-11T03:07:19.274Z,market,trade,TESTE,99978.00197854746,139,,,,JPM,CS,,,
2026-04-11T03:07:19.429Z,market,trade,TESTE,99966.0830997044,26,,,,UBS,GOLDM,,,
2026-04-11T03:07:19.587Z,market,trade,TESTE,99967.45436932203,60,,,,BTG,ITAU,,,
2026-04-11T03:07:19.747Z,market,trade,TESTE,99966.9252402517,185,,,,BARCL,CITI,,,
2026-04-11T03:07:19.906Z,market,trade,TESTE,99978.43320497025,41,,,,XP,CS,,,
2026-04-11T03:07:20.068Z,market,trade,TESTE,99977.76768464631,192,,,,MS,JPM,,,
2026-04-11T03:07:20.226Z,market,trade,TESTE,99976.19176392001,131,,,,UBS,BTG,,,
2026-04-11T03:07:20.386Z,market,trade,TESTE,99965.00701586733,72,,,,UBS,UBS,,,
2026-04-11T03:07:20.546Z,market,trade,TESTE,99966.00157681304,5,,,,CS,JPM,,,
2026-04-11T03:07:20.708Z,market,trade,TESTE,99964.51285765701,198,,,,BARCL,ITAU,,,
