section,path,seq,latency_ns
sample,shm,1,755200
sample,shm,2,669100
sample,shm,3,619300
sample,shm,4,606800
sample,shm,5,566300
sample,shm,6,567100
sample,shm,7,686200
sample,shm,8,629800
sample,shm,9,548500
sample,shm,10,540200
sample,shm,11,537800
sample,shm,12,532900
sample,shm,13,681300
sample,shm,14,662200
sample,shm,15,496000
sample,shm,16,655200
sample,shm,17,376900
sample,shm,18,732500
sample,shm,19,516700
sample,shm,20,350400
sample,shm,21,528000
sample,shm,22,417600
sample,shm,23,363800
sample,shm,24,342700
sample,shm,25,515800
sample,shm,26,519800
sample,shm,27,330800
sample,shm,28,498800
sample,shm,29,325200
sample,shm,30,498300
sample,shm,31,694400
sample,shm,32,664200
sample,shm,33,605400
sample,shm,34,351400
sample,shm,35,512700
sample,shm,36,359600
sample,shm,37,589900
sample,shm,38,516800
sample,shm,39,649000
sample,shm,40,414600
sample,shm,41,691400
sample,shm,42,456600
sample,shm,43,490000
sample,shm,44,546900
sample,shm,45,512900
sample,shm,46,684600
sample,shm,47,375400
sample,shm,48,526000
sample,shm,49,367400
sample,shm,50,428000
sample,shm,51,501100
sample,shm,52,471900
sample,shm,53,533400
sample,shm,54,689600
sample,shm,55,641700
sample,shm,56,423100
sample,shm,57,693800
sample,shm,58,353800
sample,shm,59,501800
sample,shm,60,334500
sample,shm,61,498500
sample,shm,62,438400
sample,shm,63,475900
sample,shm,64,411800
sample,shm,65,696100
sample,shm,66,633800
sample,shm,67,551600
sample,shm,68,540500
sample,shm,69,669400
sample,shm,70,540800
sample,shm,71,513100
sample,shm,72,520900
sample,shm,73,511000
sample,shm,74,349800
sample,shm,75,556700
sample,shm,76,630300
sample,shm,77,636900
sample,shm,78,674200
sample,shm,79,506100
sample,shm,80,621000
sample,shm,81,515400
sample,shm,82,518500
sample,shm,83,544600
sample,shm,84,445100
sample,shm,85,661400
sample,shm,86,427400
sample,shm,87,411400
sample,shm,88,404200
sample,shm,89,440200
sample,shm,90,525600
sample,shm,91,489000
sample,shm,92,336100
sample,shm,93,381200
sample,shm,94,369300
sample,shm,95,566200
sample,shm,96,512000
sample,shm,97,590900
sample,shm,98,411400
sample,shm,99,572500
sample,shm,100,471000
sample,shm,101,512200
sample,shm,102,695300
sample,shm,103,561000
sample,shm,104,354000
sample,shm,105,419500
sample,shm,106,643300
sample,shm,107,514700
sample,shm,108,550100
sample,shm,109,530500
sample,shm,110,329600
sample,shm,111,506700
sample,shm,112,338500
sample,shm,113,339900
sample,shm,114,513200
sample,shm,115,510100
sample,shm,116,329500
sample,shm,117,509900
sample,shm,118,329300
sample,shm,119,519600
sample,shm,120,500900
sample,shm,121,613200
sample,shm,122,339000
sample,shm,123,363700
sample,shm,124,452200
sample,shm,125,398400
sample,shm,126,357900
sample,shm,127,500500
sample,shm,128,333800
sample,shm,129,335300
sample,shm,130,339600
sample,shm,131,341500
sample,shm,132,333700
sample,shm,133,382200
sample,shm,134,369400
sample,shm,135,680300
sample,shm,136,358600
sample,shm,137,515300
sample,shm,138,348600
sample,shm,139,335100
sample,shm,140,334900
sample,shm,141,509600
sample,shm,142,334200
sample,shm,143,497900
sample,shm,144,328700
sample,shm,145,553100
sample,shm,146,341400
sample,shm,147,497900
sample,shm,148,354100
sample,shm,149,411400
sample,shm,150,390400
sample,shm,151,352900
sample,shm,152,354500
sample,shm,153,351900
sample,shm,154,334000
sample,shm,155,335900
sample,shm,156,329800
sample,shm,157,331800
sample,shm,158,329200
sample,shm,159,331600
sample,shm,160,342200
sample,shm,161,588700
sample,shm,162,484700
sample,shm,163,424300
sample,shm,164,365000
sample,shm,165,458100
sample,shm,166,352700
sample,shm,167,368700
sample,shm,168,360900
sample,shm,169,341100
sample,shm,170,460000
sample,shm,171,352000
sample,shm,172,607100
sample,shm,173,355700
sample,shm,174,364600
sample,shm,175,387800
sample,shm,176,352600
sample,shm,177,406200
sample,shm,178,327400
sample,shm,179,351600
sample,shm,180,671500
sample,shm,181,335900
sample,shm,182,327100
sample,shm,183,683600
sample,shm,184,352100
sample,shm,185,657200
sample,shm,186,676300
sample,shm,187,506200
sample,shm,188,584400
sample,shm,189,522400
sample,shm,190,491700
sample,shm,191,372600
sample,shm,192,400800
sample,shm,193,392300
sample,shm,194,528800
sample,shm,195,680500
sample,shm,196,369600
sample,shm,197,344900
sample,shm,198,496100
sample,shm,199,327100
sample,shm,200,340100
sample,shm,201,350100
sample,shm,202,609700
sample,shm,203,326800
sample,shm,204,474200
sample,shm,205,324700
sample,shm,206,368900
sample,shm,207,339800
sample,shm,208,334600
sample,shm,209,332700
sample,shm,210,329100
sample,shm,211,333300
sample,shm,212,330000
sample,shm,213,330700
sample,shm,214,328800
sample,shm,215,328500
sample,shm,216,329100
sample,shm,217,330400
sample,shm,218,505700
sample,shm,219,339600
sample,shm,220,327000
sample,shm,221,334700
sample,shm,222,332200
sample,shm,223,512200
sample,shm,224,356200
sample,shm,225,332300
sample,shm,226,337800
sample,shm,227,331600
sample,shm,228,336000
sample,shm,229,544400
sample,shm,230,357800
sample,shm,231,445200
sample,shm,232,538800
sample,shm,233,350800
sample,shm,234,337300
sample,shm,235,339000
sample,shm,236,374900
sample,shm,237,680900
sample,shm,238,671900
sample,shm,239,674800
sample,shm,240,518400
sample,shm,241,463900
sample,shm,242,486300
sample,shm,243,509700
sample,shm,244,339000
sample,shm,245,513000
sample,shm,246,466000
sample,shm,247,522100
sample,shm,248,477400
sample,shm,249,371500
sample,shm,250,401000
sample,shm,251,433600
sample,shm,252,718500
sample,shm,253,584700
sample,shm,254,519000
sample,shm,255,405200
sample,shm,256,355900
sample,shm,257,361400
sample,shm,258,504300
sample,shm,259,351400
sample,shm,260,516000
sample,shm,261,554600
sample,shm,262,749700
sample,shm,263,639600
sample,shm,264,731100
sample,shm,265,935100
sample,shm,266,655100
sample,shm,267,652900
sample,shm,268,691100
sample,shm,269,765100
sample,shm,270,671700
sample,shm,271,435400
sample,shm,272,614800
sample,shm,273,589000
sample,shm,274,597800
sample,shm,275,726900
sample,shm,276,516700
sample,shm,277,717800
sample,shm,278,660000
sample,shm,279,701700
sample,shm,280,683400
sample,shm,281,664100
sample,shm,282,680000
sample,shm,283,694600
sample,shm,284,602100
sample,shm,285,722200
sample,shm,286,504100
sample,shm,287,615800
sample,shm,288,526600
sample,shm,289,512200
sample,shm,290,512300
sample,shm,291,360400
sample,shm,292,366800
sample,shm,293,354000
sample,shm,294,353500
sample,shm,295,548900
sample,shm,296,491700
sample,shm,297,450200
sample,shm,298,594200
sample,shm,299,538000
sample,shm,300,615200
sample,shm,301,536100
sample,shm,302,533500
sample,shm,303,477600
sample,shm,304,463600
sample,shm,305,463300
sample,shm,306,475500
sample,shm,307,538000
sample,shm,308,711100
sample,shm,309,533100
sample,shm,310,497200
sample,shm,311,685000
sample,shm,312,617800
sample,shm,313,495500
sample,shm,314,611500
sample,shm,315,469500
sample,shm,316,378900
sample,shm,317,527000
sample,shm,318,379300
sample,shm,319,608200
sample,shm,320,630100
sample,shm,321,692600
sample,shm,322,712900
sample,shm,323,638500
sample,shm,324,514100
sample,shm,325,539300
sample,shm,326,574000
sample,shm,327,613500
sample,shm,328,664200
sample,shm,329,739900
sample,shm,330,523200
sample,shm,331,703200
sample,shm,332,589400
sample,shm,333,486700
sample,shm,334,468800
sample,shm,335,467700
sample,shm,336,636700
sample,shm,337,519200
sample,shm,338,497400
sample,shm,339,658700
sample,shm,340,687300
sample,shm,341,703400
sample,shm,342,638300
sample,shm,343,643800
sample,shm,344,638900
sample,shm,345,695100
sample,shm,346,698700
sample,shm,347,405200
sample,shm,348,514800
sample,shm,349,478600
sample,shm,350,685100
sample,shm,351,438700
sample,shm,352,519800
sample,shm,353,740300
sample,shm,354,648100
sample,shm,355,543300
sample,shm,356,548500
sample,shm,357,641800
sample,shm,358,564300
sample,shm,359,717500
sample,shm,360,711700
sample,shm,361,658900
sample,shm,362,632300
sample,shm,363,610800
sample,shm,364,527000
sample,shm,365,547200
sample,shm,366,694400
sample,shm,367,740800
sample,shm,368,721300
sample,shm,369,503400
sample,shm,370,644600
sample,shm,371,608400
sample,shm,372,583600
sample,shm,373,690100
sample,shm,374,651200
sample,shm,375,356100
sample,shm,376,373700
sample,shm,377,704400
sample,shm,378,674700
sample,shm,379,687600
sample,shm,380,696800
sample,shm,381,741500
sample,shm,382,706400
sample,shm,383,712000
sample,shm,384,430000
sample,shm,385,588800
sample,shm,386,590700
sample,shm,387,555400
sample,shm,388,593500
sample,shm,389,732300
sample,shm,390,678000
sample,shm,391,602800
sample,shm,392,696600
sample,shm,393,590300
sample,shm,394,373800
sample,shm,395,642700
sample,shm,396,649500
sample,shm,397,685500
sample,shm,398,660100
sample,shm,399,666500
sample,shm,400,651100
sample,shm,401,522900
sample,shm,402,524000
sample,shm,403,655900
sample,shm,404,687100
sample,shm,405,732800
sample,shm,406,721300
sample,shm,407,635000
sample,shm,408,681700
sample,shm,409,740100
sample,shm,410,701900
sample,shm,411,694700
sample,shm,412,689300
sample,shm,413,670000
sample,shm,414,672000
sample,shm,415,633500
sample,shm,416,501000
sample,shm,417,781900
sample,shm,418,666700
sample,shm,419,460300
sample,shm,420,580500
sample,shm,421,719800
sample,shm,422,400300
sample,shm,423,508600
sample,shm,424,503100
sample,shm,425,631000
sample,shm,426,627400
sample,shm,427,489700
sample,shm,428,557900
sample,shm,429,742600
sample,shm,430,511700
sample,shm,431,733800
sample,shm,432,603900
sample,shm,433,403500
sample,shm,434,577900
sample,shm,435,417700
sample,shm,436,569700
sample,shm,437,699400
sample,shm,438,655700
sample,shm,439,707900
sample,shm,440,699800
sample,shm,441,587300
sample,shm,442,717800
sample,shm,443,645100
sample,shm,444,618700
sample,shm,445,533500
sample,shm,446,564900
sample,shm,447,602300
sample,shm,448,693900
sample,shm,449,390700
sample,shm,450,552500
sample,shm,451,584600
sample,shm,452,365600
sample,shm,453,553500
sample,shm,454,638100
sample,shm,455,509300
sample,shm,456,703200
sample,shm,457,528800
sample,shm,458,359000
sample,shm,459,455800
sample,shm,460,381600
sample,shm,461,597900
sample,shm,462,536300
sample,shm,463,513800
sample,shm,464,690400
sample,shm,465,541700
sample,shm,466,536300
sample,shm,467,364200
sample,shm,468,557700
sample,shm,469,470900
sample,shm,470,570700
sample,shm,471,498900
sample,shm,472,511600
sample,shm,473,468800
sample,shm,474,551500
sample,shm,475,711800
sample,shm,476,564000
sample,shm,477,468800
sample,shm,478,528200
sample,shm,479,548700
sample,shm,480,556800
sample,shm,481,701800
sample,shm,482,695800
sample,shm,483,727600
sample,shm,484,458600
sample,shm,485,361300
sample,shm,486,531100
sample,shm,487,566900
sample,shm,488,410600
sample,shm,489,667700
sample,shm,490,581800
sample,shm,491,394800
sample,shm,492,516100
sample,shm,493,720100
sample,shm,494,719800
sample,shm,495,713500
sample,shm,496,700900
sample,shm,497,380600
sample,shm,498,340700
sample,shm,499,684900
sample,shm,500,671300
sample,shm,501,591100
sample,shm,502,665600
sample,shm,503,696100
sample,shm,504,565100
sample,shm,505,349200
sample,shm,506,343900
sample,shm,507,503200
sample,shm,508,369300
sample,shm,509,533600
sample,shm,510,421400
sample,shm,511,712600
sample,shm,512,351000
sample,shm,513,607700
sample,shm,514,431900
sample,shm,515,522800
sample,shm,516,354700
sample,shm,517,552000
sample,shm,518,687800
sample,shm,519,664100
sample,shm,520,679600
sample,shm,521,546500
sample,shm,522,501100
sample,shm,523,343100
sample,shm,524,361600
sample,shm,525,556000
sample,shm,526,367300
sample,shm,527,511500
sample,shm,528,689000
sample,shm,529,701200
sample,shm,530,365700
sample,shm,531,658500
sample,shm,532,701700
sample,shm,533,688000
sample,shm,534,633300
sample,shm,535,609600
sample,shm,536,640500
sample,shm,537,402800
sample,shm,538,374300
sample,shm,539,537600
sample,shm,540,417100
sample,shm,541,411800
sample,shm,542,590600
sample,shm,543,349400
sample,shm,544,410200
sample,shm,545,588700
sample,shm,546,396100
sample,shm,547,490300
sample,shm,548,549400
sample,shm,549,412600
sample,shm,550,364900
sample,shm,551,533400
sample,shm,552,362900
sample,shm,553,362100
sample,shm,554,555600
sample,shm,555,526400
sample,shm,556,711100
sample,shm,557,716400
sample,shm,558,574300
sample,shm,559,532000
sample,shm,560,519900
sample,shm,561,426600
sample,shm,562,544200
sample,shm,563,557700
sample,shm,564,581400
sample,shm,565,382600
sample,shm,566,745700
sample,shm,567,551000
sample,shm,568,367600
sample,shm,569,585900
sample,shm,570,622200
sample,shm,571,373700
sample,shm,572,373800
sample,shm,573,563800
sample,shm,574,570000
sample,shm,575,495100
sample,shm,576,538100
sample,shm,577,553300
sample,shm,578,356500
sample,shm,579,415800
sample,shm,580,396500
sample,shm,581,369900
sample,shm,582,364000
sample,shm,583,546600
sample,shm,584,763700
sample,shm,585,581400
sample,shm,586,364500
sample,shm,587,563000
sample,shm,588,659300
sample,shm,589,661100
sample,shm,590,581600
sample,shm,591,353600
sample,shm,592,369900
sample,shm,593,518900
sample,shm,594,473900
sample,shm,595,365900
sample,shm,596,647400
sample,shm,597,494900
sample,shm,598,729400
sample,shm,599,562100
sample,shm,600,354600
sample,shm,601,508700
sample,shm,602,355600
sample,shm,603,396800
sample,shm,604,369500
sample,shm,605,358700
sample,shm,606,744200
sample,shm,607,375600
sample,shm,608,399100
sample,shm,609,406100
sample,shm,610,506700
sample,shm,611,353000
sample,shm,612,529500
sample,shm,613,352800
sample,shm,614,523300
sample,shm,615,349500
sample,shm,616,382300
sample,shm,617,549700
sample,shm,618,345500
sample,shm,619,543600
sample,shm,620,536000
sample,shm,621,623400
sample,shm,622,496400
sample,shm,623,357000
sample,shm,624,488400
sample,shm,625,519400
sample,shm,626,554900
sample,shm,627,572400
sample,shm,628,586000
sample,shm,629,688900
sample,shm,630,429400
sample,shm,631,463400
sample,shm,632,610900
sample,shm,633,357500
sample,shm,634,533100
sample,shm,635,515500
sample,shm,636,374600
sample,shm,637,389800
sample,shm,638,400500
sample,shm,639,366600
sample,shm,640,492400
sample,shm,641,415100
sample,shm,642,380300
sample,shm,643,448600
sample,shm,644,441900
sample,shm,645,393100
sample,shm,646,440000
sample,shm,647,398400
sample,shm,648,602300
sample,shm,649,448300
sample,shm,650,657200
sample,shm,651,501100
sample,shm,652,449200
sample,shm,653,495700
sample,shm,654,407900
sample,shm,655,770000
sample,shm,656,525100
sample,shm,657,494000
sample,shm,658,510400
sample,shm,659,399800
sample,shm,660,747600
sample,shm,661,563000
sample,shm,662,552500
sample,shm,663,519600
sample,shm,664,745700
sample,shm,665,550100
sample,shm,666,558400
sample,shm,667,466700
sample,shm,668,658400
sample,shm,669,493000
sample,shm,670,654700
sample,shm,671,660400
sample,shm,672,667600
sample,shm,673,716700
sample,shm,674,542700
sample,shm,675,535600
sample,shm,676,555600
sample,shm,677,538600
sample,shm,678,575400
sample,shm,679,523100
sample,shm,680,449100
sample,shm,681,359000
sample,shm,682,349600
sample,shm,683,346200
sample,shm,684,354400
sample,shm,685,332600
sample,shm,686,328600
sample,shm,687,334400
sample,shm,688,328500
sample,shm,689,423100
sample,shm,690,363900
sample,shm,691,365300
sample,shm,692,361900
sample,shm,693,343600
sample,shm,694,339300
sample,shm,695,334400
sample,shm,696,337500
sample,shm,697,331900
sample,shm,698,329300
sample,shm,699,332400
sample,shm,700,331100
sample,shm,701,337400
sample,shm,702,329300
sample,shm,703,333500
sample,shm,704,335100
sample,shm,705,340700
sample,shm,706,337600
sample,shm,707,332300
sample,shm,708,440900
sample,shm,709,347900
sample,shm,710,354800
sample,shm,711,666500
sample,shm,712,415100
sample,shm,713,690200
sample,shm,714,538300
sample,shm,715,541700
sample,shm,716,522000
sample,shm,717,364600
sample,shm,718,518900
sample,shm,719,350900
sample,shm,720,582300
sample,shm,721,537300
sample,shm,722,672500
sample,shm,723,360700
sample,shm,724,524800
sample,shm,725,842800
sample,shm,726,473100
sample,shm,727,541300
sample,shm,728,533000
sample,shm,729,529400
sample,shm,730,497800
sample,shm,731,654800
sample,shm,732,485100
sample,shm,733,744400
sample,shm,734,617500
sample,shm,735,708800
sample,shm,736,409000
sample,shm,737,370800
sample,shm,738,508900
sample,shm,739,404100
sample,shm,740,530300
sample,shm,741,508700
sample,shm,742,338600
sample,shm,743,339600
sample,shm,744,371400
sample,shm,745,440300
sample,shm,746,697200
sample,shm,747,401700
sample,shm,748,517800
sample,shm,749,338000
sample,shm,750,523100
sample,shm,751,331000
sample,shm,752,550500
sample,shm,753,342000
sample,shm,754,518800
sample,shm,755,740200
sample,shm,756,373800
sample,shm,757,437400
sample,shm,758,350300
sample,shm,759,497900
sample,shm,760,539300
sample,shm,761,382100
sample,shm,762,681700
sample,shm,763,726500
sample,shm,764,647100
sample,shm,765,525300
sample,shm,766,339100
sample,shm,767,696800
sample,shm,768,519800
sample,shm,769,369700
sample,shm,770,707300
sample,shm,771,583000
sample,shm,772,451100
sample,shm,773,541500
sample,shm,774,348000
sample,shm,775,366100
sample,shm,776,429700
sample,shm,777,570400
sample,shm,778,345900
sample,shm,779,366700
sample,shm,780,346200
sample,shm,781,349800
sample,shm,782,406600
sample,shm,783,360100
sample,shm,784,540000
sample,shm,785,633800
sample,shm,786,685500
sample,shm,787,706500
sample,shm,788,340900
sample,shm,789,490100
sample,shm,790,362000
sample,shm,791,498300
sample,shm,792,433400
sample,shm,793,342900
sample,shm,794,355000
sample,shm,795,389100
sample,shm,796,363400
sample,shm,797,488500
sample,shm,798,495800
sample,shm,799,506100
sample,shm,800,533900
sample,shm,801,350100
sample,shm,802,499500
sample,shm,803,529600
sample,shm,804,696200
sample,shm,805,549600
sample,shm,806,672600
sample,shm,807,614400
sample,shm,808,562700
sample,shm,809,346900
sample,shm,810,488500
sample,shm,811,336900
sample,shm,812,438200
sample,shm,813,597200
sample,shm,814,721900
sample,shm,815,555700
sample,shm,816,472800
sample,shm,817,576700
sample,shm,818,714900
sample,shm,819,425600
sample,shm,820,681200
sample,shm,821,500900
sample,shm,822,436000
sample,shm,823,694800
sample,shm,824,652700
sample,shm,825,537500
sample,shm,826,612400
sample,shm,827,557700
sample,shm,828,354600
sample,shm,829,481900
sample,shm,830,349100
sample,shm,831,356900
sample,shm,832,465700
sample,shm,833,370400
sample,shm,834,391400
sample,shm,835,366700
sample,shm,836,526500
sample,shm,837,743300
sample,shm,838,396900
sample,shm,839,364000
sample,shm,840,352200
sample,shm,841,359400
sample,shm,842,343000
sample,shm,843,512000
sample,shm,844,536300
sample,shm,845,453500
sample,shm,846,368300
sample,shm,847,532400
sample,shm,848,515300
sample,shm,849,519500
sample,shm,850,504700
sample,shm,851,379300
sample,shm,852,342100
sample,shm,853,709500
sample,shm,854,583300
sample,shm,855,535000
sample,shm,856,644500
sample,shm,857,681200
sample,shm,858,386000
sample,shm,859,525800
sample,shm,860,357500
sample,shm,861,354900
sample,shm,862,345400
sample,shm,863,380200
sample,shm,864,562700
sample,shm,865,545400
sample,shm,866,653300
sample,shm,867,472400
sample,shm,868,367400
sample,shm,869,731500
sample,shm,870,391200
sample,shm,871,456400
sample,shm,872,351100
sample,shm,873,514500
sample,shm,874,477800
sample,shm,875,674500
sample,shm,876,532500
sample,shm,877,711700
sample,shm,878,438300
sample,shm,879,712700
sample,shm,880,373200
sample,shm,881,650200
sample,shm,882,577500
sample,shm,883,529500
sample,shm,884,374900
sample,shm,885,542800
sample,shm,886,367200
sample,shm,887,385300
sample,shm,888,443300
sample,shm,889,349200
sample,shm,890,475800
sample,shm,891,425800
sample,shm,892,498700
sample,shm,893,734400
sample,shm,894,388100
sample,shm,895,374900
sample,shm,896,573300
sample,shm,897,335300
sample,shm,898,448900
sample,shm,899,545400
sample,shm,900,349700
sample,shm,901,632800
sample,shm,902,613900
sample,shm,903,344600
sample,shm,904,543900
sample,shm,905,676500
sample,shm,906,525100
sample,shm,907,554600
sample,shm,908,520700
sample,shm,909,496600
sample,shm,910,671700
sample,shm,911,365600
sample,shm,912,397500
sample,shm,913,349600
sample,shm,914,522000
sample,shm,915,334100
sample,shm,916,374300
sample,shm,917,360700
sample,shm,918,686900
sample,shm,919,349700
sample,shm,920,597600
sample,shm,921,617500
sample,shm,922,410800
sample,shm,923,357600
sample,shm,924,412100
sample,shm,925,484900
sample,shm,926,426900
sample,shm,927,717300
sample,shm,928,559100
sample,shm,929,337100
sample,shm,930,476600
sample,shm,931,629500
sample,shm,932,587300
sample,shm,933,550800
sample,shm,934,695900
sample,shm,935,708500
sample,shm,936,603000
sample,shm,937,398500
sample,shm,938,566800
sample,shm,939,355400
sample,shm,940,691100
sample,shm,941,345600
sample,shm,942,534900
sample,shm,943,402300
sample,shm,944,431900
sample,shm,945,362700
sample,shm,946,334300
sample,shm,947,342800
sample,shm,948,510200
sample,shm,949,337500
sample,shm,950,508400
sample,shm,951,335000
sample,shm,952,502500
sample,shm,953,350900
sample,shm,954,407300
sample,shm,955,345100
sample,shm,956,350700
sample,shm,957,528400
sample,shm,958,344500
sample,shm,959,349700
sample,shm,960,391700
sample,shm,961,356700
sample,shm,962,555700
sample,shm,963,473900
sample,shm,964,396300
sample,shm,965,348400
sample,shm,966,721200
sample,shm,967,649400
sample,shm,968,722300
sample,shm,969,685700
sample,shm,970,713700
sample,shm,971,603500
sample,shm,972,707900
sample,shm,973,736100
sample,shm,974,695600
sample,shm,975,687600
sample,shm,976,669000
sample,shm,977,703000
sample,shm,978,567500
sample,shm,979,590500
sample,shm,980,554400
sample,shm,981,603400
sample,shm,982,672500
sample,shm,983,598600
sample,shm,984,640400
sample,shm,985,379300
sample,shm,986,582100
sample,shm,987,540400
sample,shm,988,716300
sample,shm,989,404300
sample,shm,990,519900
sample,shm,991,334000
sample,shm,992,491900
sample,shm,993,394500
sample,shm,994,409600
sample,shm,995,553500
sample,shm,996,341400
sample,shm,997,507000
sample,shm,998,530400
sample,shm,999,394400
sample,shm,1000,356100
sample,shm,1001,346700
sample,shm,1002,342200
sample,shm,1003,515300
sample,shm,1004,387800
sample,shm,1005,490600
sample,shm,1006,397700
sample,shm,1007,467600
sample,shm,1008,362700
sample,shm,1009,394100
sample,shm,1010,376800
sample,shm,1011,401000
sample,shm,1012,348700
sample,shm,1013,369000
sample,shm,1014,625200
sample,shm,1015,581600
sample,shm,1016,470100
sample,shm,1017,352500
sample,shm,1018,688100
sample,shm,1019,574500
sample,shm,1020,408900
sample,shm,1021,641800
sample,shm,1022,566100
sample,shm,1023,693400
sample,shm,1024,369600
sample,shm,1025,632200
sample,shm,1026,355600
sample,shm,1027,570500
sample,shm,1028,395100
sample,shm,1029,343100
sample,shm,1030,358800
sample,shm,1031,381500
sample,shm,1032,405600
sample,shm,1033,382600
sample,shm,1034,552500
sample,shm,1035,575600
sample,shm,1036,467700
sample,shm,1037,425800
sample,shm,1038,337300
sample,shm,1039,586300
sample,shm,1040,584700
sample,shm,1041,636600
sample,shm,1042,540500
sample,shm,1043,581300
sample,shm,1044,557100
sample,shm,1045,415800
sample,shm,1046,369300
sample,shm,1047,364600
sample,shm,1048,674400
sample,shm,1049,631200
sample,shm,1050,469200
sample,shm,1051,635800
sample,shm,1052,528300
sample,shm,1053,456000
sample,shm,1054,424800
sample,shm,1055,336600
sample,shm,1056,533400
sample,shm,1057,347200
sample,shm,1058,388200
sample,shm,1059,365300
sample,shm,1060,652700
sample,shm,1061,613500
sample,shm,1062,510200
sample,shm,1063,597700
sample,shm,1064,516000
sample,shm,1065,640700
sample,shm,1066,366300
sample,shm,1067,357200
sample,shm,1068,713800
sample,shm,1069,517400
sample,shm,1070,338500
sample,shm,1071,366400
sample,shm,1072,512700
sample,shm,1073,355700
sample,shm,1074,514900
sample,shm,1075,354700
sample,shm,1076,569100
sample,shm,1077,659800
sample,shm,1078,382800
sample,shm,1079,594800
sample,shm,1080,495200
sample,shm,1081,380600
sample,shm,1082,393800
sample,shm,1083,541700
sample,shm,1084,344500
sample,shm,1085,494300
sample,shm,1086,389400
sample,shm,1087,458100
sample,shm,1088,330500
sample,shm,1089,355000
sample,shm,1090,679900
sample,shm,1091,707600
sample,shm,1092,555400
sample,shm,1093,334700
sample,shm,1094,384200
sample,shm,1095,454100
sample,shm,1096,359100
sample,shm,1097,567500
sample,shm,1098,588000
sample,shm,1099,503700
sample,shm,1100,368700
sample,shm,1101,515700
sample,shm,1102,350700
sample,shm,1103,546300
sample,shm,1104,700200
sample,shm,1105,522400
sample,shm,1106,341500
sample,shm,1107,493600
sample,shm,1108,659900
sample,shm,1109,712800
sample,shm,1110,705500
sample,shm,1111,473800
sample,shm,1112,561800
sample,shm,1113,446600
sample,shm,1114,480400
sample,shm,1115,487700
sample,shm,1116,353700
sample,shm,1117,333500
sample,shm,1118,556800
sample,shm,1119,341200
sample,shm,1120,364500
sample,shm,1121,350900
sample,shm,1122,342800
sample,shm,1123,359400
sample,shm,1124,340700
sample,shm,1125,392800
sample,shm,1126,362400
sample,shm,1127,336100
sample,shm,1128,358900
sample,shm,1129,347800
sample,shm,1130,346900
sample,shm,1131,338000
sample,shm,1132,336200
sample,shm,1133,364500
sample,shm,1134,339500
sample,shm,1135,332500
sample,shm,1136,339900
sample,shm,1137,331400
sample,shm,1138,332800
sample,shm,1139,340300
sample,shm,1140,348300
sample,shm,1141,333400
sample,shm,1142,334300
sample,shm,1143,340200
sample,shm,1144,334400
sample,shm,1145,361500
sample,shm,1146,544100
sample,shm,1147,353100
sample,shm,1148,334900
sample,shm,1149,330100
sample,shm,1150,452600
sample,shm,1151,358200
sample,shm,1152,361200
sample,shm,1153,341600
sample,shm,1154,335300
sample,shm,1155,333900
sample,shm,1156,334800
sample,shm,1157,335800
sample,shm,1158,342600
sample,shm,1159,341400
sample,shm,1160,338700
sample,shm,1161,348500
sample,shm,1162,359300
sample,shm,1163,339800
sample,shm,1164,350000
sample,shm,1165,334700
sample,shm,1166,335100
sample,shm,1167,348100
sample,shm,1168,334500
sample,shm,1169,334100
sample,shm,1170,336500
sample,shm,1171,344600
sample,shm,1172,338300
sample,shm,1173,369200
sample,shm,1174,353800
sample,shm,1175,366300
sample,shm,1176,336500
sample,shm,1177,345900
sample,shm,1178,346900
sample,shm,1179,336200
sample,shm,1180,334400
sample,shm,1181,333400
sample,shm,1182,331600
sample,shm,1183,332700
sample,shm,1184,338100
sample,shm,1185,333300
sample,shm,1186,332500
sample,shm,1187,337000
sample,shm,1188,337100
sample,shm,1189,353500
sample,shm,1190,335300
sample,shm,1191,332500
sample,shm,1192,427700
sample,shm,1193,344800
sample,shm,1194,335100
sample,shm,1195,336300
sample,shm,1196,337400
sample,shm,1197,338200
sample,shm,1198,335100
sample,shm,1199,332600
sample,shm,1200,349600
sample,shm,1201,336800
sample,shm,1202,333500
sample,shm,1203,341800
sample,shm,1204,335700
sample,shm,1205,334500
sample,shm,1206,460200
sample,shm,1207,362800
sample,shm,1208,367100
sample,shm,1209,344000
sample,shm,1210,336200
sample,shm,1211,333500
sample,shm,1212,334700
sample,shm,1213,332500
sample,shm,1214,346900
sample,shm,1215,342100
sample,shm,1216,334700
sample,shm,1217,347600
sample,shm,1218,333200
sample,shm,1219,345500
sample,shm,1220,354300
sample,shm,1221,359100
sample,shm,1222,366500
sample,shm,1223,335200
sample,shm,1224,345800
sample,shm,1225,356500
sample,shm,1226,340700
sample,shm,1227,336500
sample,shm,1228,349100
sample,shm,1229,334900
sample,shm,1230,337900
sample,shm,1231,344000
sample,shm,1232,336700
sample,shm,1233,388300
sample,shm,1234,349400
sample,shm,1235,363200
sample,shm,1236,350000
sample,shm,1237,340300
sample,shm,1238,349500
sample,shm,1239,348700
sample,shm,1240,340600
sample,shm,1241,335100
sample,shm,1242,343200
sample,shm,1243,334200
sample,shm,1244,348200
sample,shm,1245,341200
sample,shm,1246,340100
sample,shm,1247,348100
sample,shm,1248,337700
sample,shm,1249,332700
sample,shm,1250,335100
sample,shm,1251,343900
sample,shm,1252,341400
sample,shm,1253,354600
sample,shm,1254,339300
sample,shm,1255,339800
sample,shm,1256,351900
sample,shm,1257,331800
sample,shm,1258,332700
sample,shm,1259,333300
sample,shm,1260,345600
sample,shm,1261,351700
sample,shm,1262,336700
sample,shm,1263,333700
sample,shm,1264,334100
sample,shm,1265,342000
sample,shm,1266,375100
sample,shm,1267,350900
sample,shm,1268,345800
sample,shm,1269,340600
sample,shm,1270,337600
sample,shm,1271,338900
sample,shm,1272,343000
sample,shm,1273,336500
sample,shm,1274,331100
sample,shm,1275,515100
sample,shm,1276,618700
sample,shm,1277,523100
sample,shm,1278,410100
sample,shm,1279,562200
sample,shm,1280,585500
sample,shm,1281,692900
sample,shm,1282,531300
sample,shm,1283,484500
sample,shm,1284,607800
sample,shm,1285,637200
sample,shm,1286,677800
sample,shm,1287,655500
sample,shm,1288,666900
sample,shm,1289,691900
sample,shm,1290,628100
sample,shm,1291,619900
sample,shm,1292,654100
sample,shm,1293,656500
sample,shm,1294,671300
sample,shm,1295,666600
sample,shm,1296,680000
sample,shm,1297,651000
sample,shm,1298,655600
sample,shm,1299,699000
sample,shm,1300,663000
sample,shm,1301,692900
sample,shm,1302,644300
sample,shm,1303,548900
sample,shm,1304,547100
sample,shm,1305,636900
sample,shm,1306,637900
sample,shm,1307,695400
sample,shm,1308,647000
sample,shm,1309,696200
sample,shm,1310,569500
sample,shm,1311,620200
sample,shm,1312,599500
sample,shm,1313,616600
sample,shm,1314,720000
sample,shm,1315,406500
sample,shm,1316,371700
sample,shm,1317,483600
sample,shm,1318,615900
sample,shm,1319,533000
sample,shm,1320,645900
sample,shm,1321,681300
sample,shm,1322,729800
sample,shm,1323,714000
sample,shm,1324,724300
sample,shm,1325,739800
sample,shm,1326,433200
sample,shm,1327,698400
sample,shm,1328,388500
sample,shm,1329,372300
sample,shm,1330,378400
sample,shm,1331,374100
sample,shm,1332,603500
sample,shm,1333,577800
sample,shm,1334,521300
sample,shm,1335,583000
sample,shm,1336,486900
sample,shm,1337,486800
sample,shm,1338,436700
sample,shm,1339,394000
sample,shm,1340,375300
sample,shm,1341,343500
sample,shm,1342,355300
sample,shm,1343,509700
sample,shm,1344,644100
sample,shm,1345,602200
sample,shm,1346,554000
sample,shm,1347,506900
sample,shm,1348,460400
sample,shm,1349,413000
sample,shm,1350,384300
sample,shm,1351,351000
sample,shm,1352,424600
sample,shm,1353,415500
sample,shm,1354,573100
sample,shm,1355,469900
sample,shm,1356,416100
sample,shm,1357,377500
sample,shm,1358,343000
sample,shm,1359,356400
sample,shm,1360,514100
sample,shm,1361,339300
sample,shm,1362,512000
sample,shm,1363,360700
sample,shm,1364,507700
sample,shm,1365,345100
sample,shm,1366,509600
sample,shm,1367,727200
sample,shm,1368,693100
sample,shm,1369,357000
sample,shm,1370,539500
sample,shm,1371,342200
sample,shm,1372,338600
sample,shm,1373,449400
sample,shm,1374,420600
sample,shm,1375,368600
sample,shm,1376,547900
sample,shm,1377,371800
sample,shm,1378,490600
sample,shm,1379,368900
sample,shm,1380,362900
sample,shm,1381,540100
sample,shm,1382,343500
sample,shm,1383,340200
sample,shm,1384,516800
sample,shm,1385,573800
sample,shm,1386,365600
sample,shm,1387,532400
sample,shm,1388,516200
sample,shm,1389,371600
sample,shm,1390,707200
sample,shm,1391,515700
sample,shm,1392,369700
sample,shm,1393,519600
sample,shm,1394,346900
sample,shm,1395,409000
sample,shm,1396,542300
sample,shm,1397,345600
sample,shm,1398,348000
sample,shm,1399,431800
sample,shm,1400,469200
sample,shm,1401,415600
sample,shm,1402,368900
sample,shm,1403,527800
sample,shm,1404,347200
sample,shm,1405,339600
sample,shm,1406,367100
sample,shm,1407,370300
sample,shm,1408,510300
sample,shm,1409,692800
sample,shm,1410,352600
sample,shm,1411,343200
sample,shm,1412,398200
sample,shm,1413,412700
sample,shm,1414,377000
sample,shm,1415,359700
sample,shm,1416,365100
sample,shm,1417,355500
sample,shm,1418,413500
sample,shm,1419,377200
sample,shm,1420,507900
sample,shm,1421,699100
sample,shm,1422,351700
sample,shm,1423,347500
sample,shm,1424,398200
sample,shm,1425,362500
sample,shm,1426,492100
sample,shm,1427,583200
sample,shm,1428,535100
sample,shm,1429,477500
sample,shm,1430,401100
sample,shm,1431,367900
sample,shm,1432,521500
sample,shm,1433,495700
sample,shm,1434,567100
sample,shm,1435,481500
sample,shm,1436,429800
sample,shm,1437,377200
sample,shm,1438,362000
sample,shm,1439,490400
sample,shm,1440,579300
sample,shm,1441,521200
sample,shm,1442,455800
sample,shm,1443,403400
sample,shm,1444,369400
sample,shm,1445,499400
sample,shm,1446,691200
sample,shm,1447,355300
sample,shm,1448,341200
sample,shm,1449,569600
sample,shm,1450,496800
sample,shm,1451,725000
sample,shm,1452,694900
sample,shm,1453,682200
sample,shm,1454,662900
sample,shm,1455,565800
sample,shm,1456,647900
sample,shm,1457,517500
sample,shm,1458,505200
sample,shm,1459,622800
sample,shm,1460,695500
sample,shm,1461,666600
sample,shm,1462,426800
sample,shm,1463,530600
sample,shm,1464,720300
sample,shm,1465,698400
sample,shm,1466,643600
sample,shm,1467,718500
sample,shm,1468,517600
sample,shm,1469,553000
sample,shm,1470,544700
sample,shm,1471,687400
sample,shm,1472,537800
sample,shm,1473,709300
sample,shm,1474,525500
sample,shm,1475,657600
sample,shm,1476,687800
sample,shm,1477,494800
sample,shm,1478,518800
sample,shm,1479,351500
sample,shm,1480,536100
sample,shm,1481,374500
sample,shm,1482,646900
sample,shm,1483,594000
sample,shm,1484,375900
sample,shm,1485,348900
sample,shm,1486,347800
sample,shm,1487,352400
sample,shm,1488,348600
sample,shm,1489,354800
sample,shm,1490,573900
sample,shm,1491,341600
sample,shm,1492,340000
sample,shm,1493,348000
sample,shm,1494,349700
sample,shm,1495,350600
sample,shm,1496,349400
sample,shm,1497,342800
sample,shm,1498,348800
sample,shm,1499,339700
sample,shm,1500,331200
sample,shm,1501,330400
sample,shm,1502,323800
sample,shm,1503,335500
sample,shm,1504,474900
sample,shm,1505,496500
sample,shm,1506,342000
sample,shm,1507,546000
sample,shm,1508,327300
sample,shm,1509,481800
sample,shm,1510,325900
sample,shm,1511,501800
sample,shm,1512,323000
sample,shm,1513,506100
sample,shm,1514,370700
sample,shm,1515,705100
sample,shm,1516,684100
sample,shm,1517,420700
sample,shm,1518,444200
sample,shm,1519,474800
sample,shm,1520,493400
sample,shm,1521,587700
sample,shm,1522,678700
sample,shm,1523,658600
sample,shm,1524,369100
sample,shm,1525,385700
sample,shm,1526,421200
sample,shm,1527,445600
sample,shm,1528,436000
sample,shm,1529,356600
sample,shm,1530,348000
sample,shm,1531,513500
sample,shm,1532,433800
sample,shm,1533,636500
sample,shm,1534,336100
sample,shm,1535,481300
sample,shm,1536,329200
sample,shm,1537,488400
sample,shm,1538,626000
sample,shm,1539,353500
sample,shm,1540,496100
sample,shm,1541,567700
sample,shm,1542,367800
sample,shm,1543,340700
sample,shm,1544,403100
sample,shm,1545,332800
sample,shm,1546,346000
sample,shm,1547,414300
sample,shm,1548,332600
sample,shm,1549,397700
sample,shm,1550,370600
sample,shm,1551,344300
sample,shm,1552,352700
sample,shm,1553,343400
sample,shm,1554,340900
sample,shm,1555,364700
sample,shm,1556,347600
sample,shm,1557,333700
sample,shm,1558,468900
sample,shm,1559,483500
sample,shm,1560,350500
sample,shm,1561,398500
sample,shm,1562,327200
sample,shm,1563,336900
sample,shm,1564,324200
sample,shm,1565,334500
sample,shm,1566,328800
sample,shm,1567,330800
sample,shm,1568,326300
sample,shm,1569,330300
sample,shm,1570,332300
sample,shm,1571,332000
sample,shm,1572,333500
sample,shm,1573,495300
sample,shm,1574,360800
sample,shm,1575,444200
sample,shm,1576,359800
sample,shm,1577,349500
sample,shm,1578,351300
sample,shm,1579,347500
sample,shm,1580,349400
sample,shm,1581,338400
sample,shm,1582,330700
sample,shm,1583,343500
sample,shm,1584,333500
sample,shm,1585,332100
sample,shm,1586,523500
sample,shm,1587,341400
sample,shm,1588,691800
sample,shm,1589,330200
sample,shm,1590,330900
sample,shm,1591,339900
sample,shm,1592,332900
sample,shm,1593,343000
sample,shm,1594,549400
sample,shm,1595,329100
sample,shm,1596,382300
sample,shm,1597,331000
sample,shm,1598,328400
sample,shm,1599,330100
sample,shm,1600,366400
sample,shm,1601,496300
sample,shm,1602,520600
sample,shm,1603,346800
sample,shm,1604,334500
sample,shm,1605,333100
sample,shm,1606,348000
sample,shm,1607,332900
sample,shm,1608,332700
sample,shm,1609,335500
sample,shm,1610,357100
sample,shm,1611,330600
sample,shm,1612,330900
sample,shm,1613,344900
sample,shm,1614,444500
sample,shm,1615,563900
sample,shm,1616,472600
sample,shm,1617,514900
sample,shm,1618,357100
sample,shm,1619,344000
sample,shm,1620,346300
sample,shm,1621,343700
sample,shm,1622,337200
sample,shm,1623,341500
sample,shm,1624,339700
sample,shm,1625,334300
sample,shm,1626,393100
sample,shm,1627,364100
sample,shm,1628,340900
sample,shm,1629,344200
sample,shm,1630,342500
sample,shm,1631,342500
sample,shm,1632,336600
sample,shm,1633,507400
sample,shm,1634,383300
sample,shm,1635,333200
sample,shm,1636,361300
sample,shm,1637,339500
sample,shm,1638,367500
sample,shm,1639,326700
sample,shm,1640,342700
sample,shm,1641,376600
sample,shm,1642,398100
sample,shm,1643,537600
sample,shm,1644,434300
sample,shm,1645,342100
sample,shm,1646,325700
sample,shm,1647,324300
sample,shm,1648,373900
sample,shm,1649,329100
sample,shm,1650,334500
sample,shm,1651,337900
sample,shm,1652,327300
sample,shm,1653,431800
sample,shm,1654,331200
sample,shm,1655,373300
sample,shm,1656,363000
sample,shm,1657,347400
sample,shm,1658,383800
sample,shm,1659,340900
sample,shm,1660,512200
sample,shm,1661,337100
sample,shm,1662,330700
sample,shm,1663,335500
sample,shm,1664,343100
sample,shm,1665,357400
sample,shm,1666,333500
sample,shm,1667,325800
sample,shm,1668,329600
sample,shm,1669,330500
sample,shm,1670,326900
sample,shm,1671,334300
sample,shm,1672,327900
sample,shm,1673,327100
sample,shm,1674,337600
sample,shm,1675,333200
sample,shm,1676,336700
sample,shm,1677,393700
sample,shm,1678,333600
sample,shm,1679,328500
sample,shm,1680,326800
sample,shm,1681,328800
sample,shm,1682,333000
sample,shm,1683,350100
sample,shm,1684,330200
sample,shm,1685,327900
sample,shm,1686,326700
sample,shm,1687,418700
sample,shm,1688,368800
sample,shm,1689,344800
sample,shm,1690,545500
sample,shm,1691,347100
sample,shm,1692,349500
sample,shm,1693,371700
sample,shm,1694,654100
sample,shm,1695,352100
sample,shm,1696,677900
sample,shm,1697,479200
sample,shm,1698,708200
sample,shm,1699,368800
sample,shm,1700,339200
sample,shm,1701,361200
sample,shm,1702,348100
sample,shm,1703,360100
sample,shm,1704,348100
sample,shm,1705,338100
sample,shm,1706,344700
sample,shm,1707,342700
sample,shm,1708,340500
sample,shm,1709,357400
sample,shm,1710,347200
sample,shm,1711,342400
sample,shm,1712,348300
sample,shm,1713,340700
sample,shm,1714,339000
sample,shm,1715,342100
sample,shm,1716,515100
sample,shm,1717,345900
sample,shm,1718,338200
sample,shm,1719,334600
sample,shm,1720,372800
sample,shm,1721,567500
sample,shm,1722,332000
sample,shm,1723,344700
sample,shm,1724,340600
sample,shm,1725,512600
sample,shm,1726,337900
sample,shm,1727,335800
sample,shm,1728,339400
sample,shm,1729,352800
sample,shm,1730,520000
sample,shm,1731,348000
sample,shm,1732,501500
sample,shm,1733,329300
sample,shm,1734,343700
sample,shm,1735,483800
sample,shm,1736,330500
sample,shm,1737,637700
sample,shm,1738,392300
sample,shm,1739,344200
sample,shm,1740,331500
sample,shm,1741,339700
sample,shm,1742,336900
sample,shm,1743,330400
sample,shm,1744,329500
sample,shm,1745,502400
sample,shm,1746,326000
sample,shm,1747,330500
sample,shm,1748,334100
sample,shm,1749,331200
sample,shm,1750,330300
sample,shm,1751,335500
sample,shm,1752,338200
sample,shm,1753,333400
sample,shm,1754,332200
sample,shm,1755,335500
sample,shm,1756,337500
sample,shm,1757,336900
sample,shm,1758,346400
sample,shm,1759,341900
sample,shm,1760,341700
sample,shm,1761,338500
sample,shm,1762,352200
sample,shm,1763,370100
sample,shm,1764,331400
sample,shm,1765,338200
sample,shm,1766,515400
sample,shm,1767,336100
sample,shm,1768,339400
sample,shm,1769,377200
sample,shm,1770,354300
sample,shm,1771,652700
sample,shm,1772,554600
sample,shm,1773,358200
sample,shm,1774,510000
sample,shm,1775,348600
sample,shm,1776,598200
sample,shm,1777,338200
sample,shm,1778,409100
sample,shm,1779,341900
sample,shm,1780,539000
sample,shm,1781,479900
sample,shm,1782,415000
sample,shm,1783,370700
sample,shm,1784,333700
sample,shm,1785,517400
sample,shm,1786,334800
sample,shm,1787,333300
sample,shm,1788,476100
sample,shm,1789,419400
sample,shm,1790,353900
sample,shm,1791,336200
sample,shm,1792,515800
sample,shm,1793,333400
sample,shm,1794,329300
sample,shm,1795,371900
sample,shm,1796,341600
sample,shm,1797,332500
sample,shm,1798,349900
sample,shm,1799,330300
sample,shm,1800,333700
sample,shm,1801,539400
sample,shm,1802,484600
sample,shm,1803,338200
sample,shm,1804,353500
sample,shm,1805,345700
sample,shm,1806,548200
sample,shm,1807,494400
sample,shm,1808,364800
sample,shm,1809,502100
sample,shm,1810,335600
sample,shm,1811,363600
sample,shm,1812,343500
sample,shm,1813,509200
sample,shm,1814,365400
sample,shm,1815,334700
sample,shm,1816,337200
sample,shm,1817,342700
sample,shm,1818,332200
sample,shm,1819,334500
sample,shm,1820,342900
sample,shm,1821,342000
sample,shm,1822,516100
sample,shm,1823,340000
sample,shm,1824,336300
sample,shm,1825,350300
sample,shm,1826,345400
sample,shm,1827,334300
sample,shm,1828,352700
sample,shm,1829,342200
sample,shm,1830,335500
sample,shm,1831,336200
sample,shm,1832,344000
sample,shm,1833,560000
sample,shm,1834,386900
sample,shm,1835,339700
sample,shm,1836,342700
sample,shm,1837,531900
sample,shm,1838,539400
sample,shm,1839,543600
sample,shm,1840,603600
sample,shm,1841,641200
sample,shm,1842,647000
sample,shm,1843,443900
sample,shm,1844,622300
sample,shm,1845,531500
sample,shm,1846,352100
sample,shm,1847,372500
sample,shm,1848,337500
sample,shm,1849,342700
sample,shm,1850,341500
sample,shm,1851,374600
sample,shm,1852,330800
sample,shm,1853,334900
sample,shm,1854,504900
sample,shm,1855,344400
sample,shm,1856,333000
sample,shm,1857,339800
sample,shm,1858,352500
sample,shm,1859,330600
sample,shm,1860,335500
sample,shm,1861,517600
sample,shm,1862,338500
sample,shm,1863,342000
sample,shm,1864,332000
sample,shm,1865,341100
sample,shm,1866,359200
sample,shm,1867,339000
sample,shm,1868,339600
sample,shm,1869,346400
sample,shm,1870,338100
sample,shm,1871,335300
sample,shm,1872,508700
sample,shm,1873,342900
sample,shm,1874,329900
sample,shm,1875,331500
sample,shm,1876,352200
sample,shm,1877,342900
sample,shm,1878,336400
sample,shm,1879,358400
sample,shm,1880,347100
sample,shm,1881,335500
sample,shm,1882,485500
sample,shm,1883,482500
sample,shm,1884,503000
sample,shm,1885,371900
sample,shm,1886,360800
sample,shm,1887,339900
sample,shm,1888,524700
sample,shm,1889,573000
sample,shm,1890,355200
sample,shm,1891,365300
sample,shm,1892,514000
sample,shm,1893,344000
sample,shm,1894,330500
sample,shm,1895,341500
sample,shm,1896,332800
sample,shm,1897,330000
sample,shm,1898,327600
sample,shm,1899,337100
sample,shm,1900,336300
sample,zmq,1,95200
sample,zmq,2,106500
sample,zmq,3,112100
sample,zmq,4,106600
sample,zmq,5,86900
sample,zmq,6,93200
sample,zmq,7,103300
sample,zmq,8,129300
sample,zmq,9,118100
sample,zmq,10,95700
sample,zmq,11,107100
sample,zmq,12,101000
sample,zmq,13,96400
sample,zmq,14,84700
sample,zmq,15,79700
sample,zmq,16,101500
sample,zmq,17,112800
sample,zmq,18,106800
sample,zmq,19,102700
sample,zmq,20,107400
sample,zmq,21,108200
sample,zmq,22,93600
sample,zmq,23,82400
sample,zmq,24,113500
sample,zmq,25,96900
sample,zmq,26,95100
sample,zmq,27,116600
sample,zmq,28,108100
sample,zmq,29,88200
sample,zmq,30,112600
sample,zmq,31,116100
sample,zmq,32,93300
sample,zmq,33,86300
sample,zmq,34,116300
sample,zmq,35,102300
sample,zmq,36,85000
sample,zmq,37,74700
sample,zmq,38,91100
sample,zmq,39,98500
sample,zmq,40,114300
sample,zmq,41,101300
sample,zmq,42,94200
sample,zmq,43,110000
sample,zmq,44,111700
sample,zmq,45,97500
sample,zmq,46,124100
sample,zmq,47,97100
sample,zmq,48,93900
sample,zmq,49,101400
sample,zmq,50,101000
sample,zmq,51,102200
sample,zmq,52,113400
sample,zmq,53,101400
sample,zmq,54,86400
sample,zmq,55,90900
sample,zmq,56,152100
sample,zmq,57,114300
sample,zmq,58,105100
sample,zmq,59,93100
sample,zmq,60,80200
sample,zmq,61,101500
sample,zmq,62,114100
sample,zmq,63,79800
sample,zmq,64,74900
sample,zmq,65,99200
sample,zmq,66,94700
sample,zmq,67,80400
sample,zmq,68,92900
sample,zmq,69,102800
sample,zmq,70,101600
sample,zmq,71,103900
sample,zmq,72,102000
sample,zmq,73,92200
sample,zmq,74,85200
sample,zmq,75,79100
sample,zmq,76,116400
sample,zmq,77,101300
sample,zmq,78,105900
sample,zmq,79,66900
sample,zmq,80,80500
sample,zmq,81,68700
sample,zmq,82,81400
sample,zmq,83,75300
sample,zmq,84,90300
sample,zmq,85,73800
sample,zmq,86,63700
sample,zmq,87,76000
sample,zmq,88,79900
sample,zmq,89,95300
sample,zmq,90,106200
sample,zmq,91,67100
sample,zmq,92,96000
sample,zmq,93,98100
sample,zmq,94,113500
sample,zmq,95,90900
sample,zmq,96,77000
sample,zmq,97,94800
sample,zmq,98,117500
sample,zmq,99,110100
sample,zmq,100,90800
sample,zmq,101,90600
sample,zmq,102,114900
sample,zmq,103,88300
sample,zmq,104,82000
sample,zmq,105,85100
sample,zmq,106,92200
sample,zmq,107,90400
sample,zmq,108,97700
sample,zmq,109,87700
sample,zmq,110,87000
sample,zmq,111,79700
sample,zmq,112,78300
sample,zmq,113,80500
sample,zmq,114,74800
sample,zmq,115,78700
sample,zmq,116,94700
sample,zmq,117,93800
sample,zmq,118,83400
sample,zmq,119,84300
sample,zmq,120,101400
sample,zmq,121,90100
sample,zmq,122,87700
sample,zmq,123,108100
sample,zmq,124,88200
sample,zmq,125,98500
sample,zmq,126,98200
sample,zmq,127,146000
sample,zmq,128,80600
sample,zmq,129,101700
sample,zmq,130,76300
sample,zmq,131,80100
sample,zmq,132,81500
sample,zmq,133,75100
sample,zmq,134,73800
sample,zmq,135,75000
sample,zmq,136,92500
sample,zmq,137,92600
sample,zmq,138,80200
sample,zmq,139,131900
sample,zmq,140,113600
sample,zmq,141,90700
sample,zmq,142,124300
sample,zmq,143,100800
sample,zmq,144,91400
sample,zmq,145,103500
sample,zmq,146,83900
sample,zmq,147,80100
sample,zmq,148,81900
sample,zmq,149,84400
sample,zmq,150,75400
sample,zmq,151,80100
sample,zmq,152,109700
sample,zmq,153,112400
sample,zmq,154,119900
sample,zmq,155,167600
sample,zmq,156,116500
sample,zmq,157,108000
sample,zmq,158,106900
sample,zmq,159,119100
sample,zmq,160,95600
sample,zmq,161,98600
sample,zmq,162,106000
sample,zmq,163,100500
sample,zmq,164,111400
sample,zmq,165,107000
sample,zmq,166,107800
sample,zmq,167,108000
sample,zmq,168,118100
sample,zmq,169,98200
sample,zmq,170,93300
sample,zmq,171,98900
sample,zmq,172,82400
sample,zmq,173,98400
sample,zmq,174,90700
sample,zmq,175,100900
sample,zmq,176,82500
sample,zmq,177,104400
sample,zmq,178,120800
sample,zmq,179,113700
sample,zmq,180,88800
sample,zmq,181,97900
sample,zmq,182,79200
sample,zmq,183,76600
sample,zmq,184,102200
sample,zmq,185,118900
sample,zmq,186,110300
sample,zmq,187,115200
sample,zmq,188,95100
sample,zmq,189,89600
sample,zmq,190,94600
sample,zmq,191,105600
sample,zmq,192,104300
sample,zmq,193,84700
sample,zmq,194,100500
sample,zmq,195,90700
sample,zmq,196,102700
sample,zmq,197,79600
sample,zmq,198,119900
sample,zmq,199,85800
sample,zmq,200,110800
sample,zmq,201,138200
sample,zmq,202,95900
sample,zmq,203,93200
sample,zmq,204,96300
sample,zmq,205,106500
sample,zmq,206,112800
sample,zmq,207,91300
sample,zmq,208,79300
sample,zmq,209,110900
sample,zmq,210,99100
sample,zmq,211,103600
sample,zmq,212,86000
sample,zmq,213,91500
sample,zmq,214,86500
sample,zmq,215,96000
sample,zmq,216,88500
sample,zmq,217,93300
sample,zmq,218,74400
sample,zmq,219,81100
sample,zmq,220,88100
sample,zmq,221,114500
sample,zmq,222,120900
sample,zmq,223,96000
sample,zmq,224,100400
sample,zmq,225,99300
sample,zmq,226,89000
sample,zmq,227,79500
sample,zmq,228,103600
sample,zmq,229,106500
sample,zmq,230,102300
sample,zmq,231,88700
sample,zmq,232,62600
sample,zmq,233,78000
sample,zmq,234,76400
sample,zmq,235,85700
sample,zmq,236,109700
sample,zmq,237,104600
sample,zmq,238,112000
sample,zmq,239,113800
sample,zmq,240,98700
sample,zmq,241,96300
sample,zmq,242,109100
sample,zmq,243,91300
sample,zmq,244,76700
sample,zmq,245,64900
sample,zmq,246,76800
sample,zmq,247,75200
sample,zmq,248,88400
sample,zmq,249,72700
sample,zmq,250,64000
sample,zmq,251,119500
sample,zmq,252,97600
sample,zmq,253,74700
sample,zmq,254,140800
sample,zmq,255,81900
sample,zmq,256,100500
sample,zmq,257,102400
sample,zmq,258,96400
sample,zmq,259,98600
sample,zmq,260,113700
sample,zmq,261,103700
sample,zmq,262,101300
sample,zmq,263,116800
sample,zmq,264,107900
sample,zmq,265,127300
sample,zmq,266,120800
sample,zmq,267,111700
sample,zmq,268,108100
sample,zmq,269,102900
sample,zmq,270,103800
sample,zmq,271,91100
sample,zmq,272,97700
sample,zmq,273,98600
sample,zmq,274,110100
sample,zmq,275,118200
sample,zmq,276,105700
sample,zmq,277,105000
sample,zmq,278,102700
sample,zmq,279,201400
sample,zmq,280,116800
sample,zmq,281,111300
sample,zmq,282,114500
sample,zmq,283,123600
sample,zmq,284,111200
sample,zmq,285,167500
sample,zmq,286,109800
sample,zmq,287,145200
sample,zmq,288,141800
sample,zmq,289,108600
sample,zmq,290,99500
sample,zmq,291,96100
sample,zmq,292,89600
sample,zmq,293,106400
sample,zmq,294,140200
sample,zmq,295,128900
sample,zmq,296,118600
sample,zmq,297,120100
sample,zmq,298,98100
sample,zmq,299,103000
sample,zmq,300,111700
sample,zmq,301,102600
sample,zmq,302,115100
sample,zmq,303,111400
sample,zmq,304,107600
sample,zmq,305,119200
sample,zmq,306,96400
sample,zmq,307,89000
sample,zmq,308,81100
sample,zmq,309,92700
sample,zmq,310,93500
sample,zmq,311,86300
sample,zmq,312,91000
sample,zmq,313,118300
sample,zmq,314,120000
sample,zmq,315,89900
sample,zmq,316,104200
sample,zmq,317,89700
sample,zmq,318,84400
sample,zmq,319,87900
sample,zmq,320,75600
sample,zmq,321,74400
sample,zmq,322,108100
sample,zmq,323,85900
sample,zmq,324,113700
sample,zmq,325,106200
sample,zmq,326,105800
sample,zmq,327,82900
sample,zmq,328,92500
sample,zmq,329,105100
sample,zmq,330,91000
sample,zmq,331,101800
sample,zmq,332,98300
sample,zmq,333,93700
sample,zmq,334,92600
sample,zmq,335,110500
sample,zmq,336,91300
sample,zmq,337,89300
sample,zmq,338,78300
sample,zmq,339,94900
sample,zmq,340,151000
sample,zmq,341,104300
sample,zmq,342,73000
sample,zmq,343,128100
sample,zmq,344,104300
sample,zmq,345,101900
sample,zmq,346,126300
sample,zmq,347,94600
sample,zmq,348,95700
sample,zmq,349,87300
sample,zmq,350,128000
sample,zmq,351,100800
sample,zmq,352,99100
sample,zmq,353,118200
sample,zmq,354,149500
sample,zmq,355,111400
sample,zmq,356,93400
sample,zmq,357,92000
sample,zmq,358,127600
sample,zmq,359,114500
sample,zmq,360,107100
sample,zmq,361,84500
sample,zmq,362,76700
sample,zmq,363,112800
sample,zmq,364,123300
sample,zmq,365,122900
sample,zmq,366,103500
sample,zmq,367,143700
sample,zmq,368,131800
sample,zmq,369,95500
sample,zmq,370,80900
sample,zmq,371,117100
sample,zmq,372,133200
sample,zmq,373,99000
sample,zmq,374,101700
sample,zmq,375,100700
sample,zmq,376,148500
sample,zmq,377,125500
sample,zmq,378,122600
sample,zmq,379,101300
sample,zmq,380,106300
sample,zmq,381,92900
sample,zmq,382,99800
sample,zmq,383,121800
sample,zmq,384,115300
sample,zmq,385,93300
sample,zmq,386,76200
sample,zmq,387,117800
sample,zmq,388,110900
sample,zmq,389,121700
sample,zmq,390,109200
sample,zmq,391,91200
sample,zmq,392,120400
sample,zmq,393,128900
sample,zmq,394,129000
sample,zmq,395,129900
sample,zmq,396,127300
sample,zmq,397,120900
sample,zmq,398,123100
sample,zmq,399,114800
sample,zmq,400,161900
sample,zmq,401,119000
sample,zmq,402,92100
sample,zmq,403,96700
sample,zmq,404,93900
sample,zmq,405,102800
sample,zmq,406,169000
sample,zmq,407,109400
sample,zmq,408,151100
sample,zmq,409,119800
sample,zmq,410,125400
sample,zmq,411,103600
sample,zmq,412,152900
sample,zmq,413,126600
sample,zmq,414,123000
sample,zmq,415,114200
sample,zmq,416,124700
sample,zmq,417,104600
sample,zmq,418,120800
sample,zmq,419,119100
sample,zmq,420,119900
sample,zmq,421,99100
sample,zmq,422,99100
sample,zmq,423,158800
sample,zmq,424,193900
sample,zmq,425,121000
sample,zmq,426,121200
sample,zmq,427,110500
sample,zmq,428,136100
sample,zmq,429,122000
sample,zmq,430,123300
sample,zmq,431,104400
sample,zmq,432,123400
sample,zmq,433,115700
sample,zmq,434,162400
sample,zmq,435,135100
sample,zmq,436,136200
sample,zmq,437,132400
sample,zmq,438,115200
sample,zmq,439,122400
sample,zmq,440,127500
sample,zmq,441,147600
sample,zmq,442,150800
sample,zmq,443,157900
sample,zmq,444,122300
sample,zmq,445,131600
sample,zmq,446,147200
sample,zmq,447,125400
sample,zmq,448,87500
sample,zmq,449,137200
sample,zmq,450,111200
sample,zmq,451,116300
sample,zmq,452,119500
sample,zmq,453,114900
sample,zmq,454,112600
sample,zmq,455,113400
sample,zmq,456,118300
sample,zmq,457,124100
sample,zmq,458,126800
sample,zmq,459,120300
sample,zmq,460,102100
sample,zmq,461,121100
sample,zmq,462,127300
sample,zmq,463,106500
sample,zmq,464,86200
sample,zmq,465,94400
sample,zmq,466,107200
sample,zmq,467,92200
sample,zmq,468,92500
sample,zmq,469,88100
sample,zmq,470,91100
sample,zmq,471,104100
sample,zmq,472,109400
sample,zmq,473,87700
sample,zmq,474,98900
sample,zmq,475,90700
sample,zmq,476,102900
sample,zmq,477,121600
sample,zmq,478,119300
sample,zmq,479,117400
sample,zmq,480,104500
sample,zmq,481,118000
sample,zmq,482,93200
sample,zmq,483,90200
sample,zmq,484,110900
sample,zmq,485,123400
sample,zmq,486,102000
sample,zmq,487,108400
sample,zmq,488,115100
sample,zmq,489,91100
sample,zmq,490,105800
sample,zmq,491,108900
sample,zmq,492,108000
sample,zmq,493,99600
sample,zmq,494,88900
sample,zmq,495,92600
sample,zmq,496,68700
sample,zmq,497,95500
sample,zmq,498,103700
sample,zmq,499,125400
sample,zmq,500,101200
sample,zmq,501,119900
sample,zmq,502,94000
sample,zmq,503,85400
sample,zmq,504,102200
sample,zmq,505,100500
sample,zmq,506,84500
sample,zmq,507,102900
sample,zmq,508,158100
sample,zmq,509,114400
sample,zmq,510,103400
sample,zmq,511,114600
sample,zmq,512,109300
sample,zmq,513,111900
sample,zmq,514,109900
sample,zmq,515,152100
sample,zmq,516,137700
sample,zmq,517,110000
sample,zmq,518,100200
sample,zmq,519,98200
sample,zmq,520,125400
sample,zmq,521,111500
sample,zmq,522,131800
sample,zmq,523,122900
sample,zmq,524,115100
sample,zmq,525,124100
sample,zmq,526,108800
sample,zmq,527,118300
sample,zmq,528,136900
sample,zmq,529,132300
sample,zmq,530,116300
sample,zmq,531,124200
sample,zmq,532,107900
sample,zmq,533,111500
sample,zmq,534,226000
sample,zmq,535,120000
sample,zmq,536,114900
sample,zmq,537,132700
sample,zmq,538,138300
sample,zmq,539,116300
sample,zmq,540,134900
sample,zmq,541,92300
sample,zmq,542,124500
sample,zmq,543,125000
sample,zmq,544,122100
sample,zmq,545,82100
sample,zmq,546,124500
sample,zmq,547,139100
sample,zmq,548,114700
sample,zmq,549,97100
sample,zmq,550,102000
sample,zmq,551,134700
sample,zmq,552,115800
sample,zmq,553,129000
sample,zmq,554,95800
sample,zmq,555,115700
sample,zmq,556,124600
sample,zmq,557,97500
sample,zmq,558,101800
sample,zmq,559,125000
sample,zmq,560,91300
sample,zmq,561,128600
sample,zmq,562,99500
sample,zmq,563,112500
sample,zmq,564,103400
sample,zmq,565,123100
sample,zmq,566,131700
sample,zmq,567,88500
sample,zmq,568,94700
sample,zmq,569,85000
sample,zmq,570,106300
sample,zmq,571,101800
sample,zmq,572,91400
sample,zmq,573,144200
sample,zmq,574,117200
sample,zmq,575,127600
sample,zmq,576,87600
sample,zmq,577,105900
sample,zmq,578,86500
sample,zmq,579,97400
sample,zmq,580,85400
sample,zmq,581,82300
sample,zmq,582,111200
sample,zmq,583,70300
sample,zmq,584,95300
sample,zmq,585,99700
sample,zmq,586,130800
sample,zmq,587,109800
sample,zmq,588,123000
sample,zmq,589,89000
sample,zmq,590,113500
sample,zmq,591,124900
sample,zmq,592,126400
sample,zmq,593,170600
sample,zmq,594,113600
sample,zmq,595,93100
sample,zmq,596,85800
sample,zmq,597,125000
sample,zmq,598,150300
sample,zmq,599,116800
sample,zmq,600,104300
sample,zmq,601,105500
sample,zmq,602,102400
sample,zmq,603,100200
sample,zmq,604,88100
sample,zmq,605,89800
sample,zmq,606,105800
sample,zmq,607,116600
sample,zmq,608,118200
sample,zmq,609,132800
sample,zmq,610,129600
sample,zmq,611,87600
sample,zmq,612,140600
sample,zmq,613,114300
sample,zmq,614,138100
sample,zmq,615,136800
sample,zmq,616,124600
sample,zmq,617,133300
sample,zmq,618,107400
sample,zmq,619,107200
sample,zmq,620,103400
sample,zmq,621,135300
sample,zmq,622,246500
sample,zmq,623,144000
sample,zmq,624,117300
sample,zmq,625,112000
sample,zmq,626,101700
sample,zmq,627,121100
sample,zmq,628,111800
sample,zmq,629,114800
sample,zmq,630,137700
sample,zmq,631,132500
sample,zmq,632,94700
sample,zmq,633,132600
sample,zmq,634,127800
sample,zmq,635,120400
sample,zmq,636,124000
sample,zmq,637,132900
sample,zmq,638,143000
sample,zmq,639,103800
sample,zmq,640,119600
sample,zmq,641,118400
sample,zmq,642,118300
sample,zmq,643,122500
sample,zmq,644,134300
sample,zmq,645,119300
sample,zmq,646,92100
sample,zmq,647,86700
sample,zmq,648,126200
sample,zmq,649,121700
sample,zmq,650,105500
sample,zmq,651,118200
sample,zmq,652,115100
sample,zmq,653,121300
sample,zmq,654,120200
sample,zmq,655,114700
sample,zmq,656,107800
sample,zmq,657,74000
sample,zmq,658,95200
sample,zmq,659,106400
sample,zmq,660,115100
sample,zmq,661,106900
sample,zmq,662,105700
sample,zmq,663,131300
sample,zmq,664,105300
sample,zmq,665,114700
sample,zmq,666,113300
sample,zmq,667,120900
sample,zmq,668,124400
sample,zmq,669,121100
sample,zmq,670,111000
sample,zmq,671,108200
sample,zmq,672,104900
sample,zmq,673,116700
sample,zmq,674,114300
sample,zmq,675,111400
sample,zmq,676,117400
sample,zmq,677,116900
sample,zmq,678,101400
sample,zmq,679,121500
sample,zmq,680,121900
sample,zmq,681,133300
sample,zmq,682,121400
sample,zmq,683,111300
sample,zmq,684,97400
sample,zmq,685,136500
sample,zmq,686,114800
sample,zmq,687,108200
sample,zmq,688,117900
sample,zmq,689,116300
sample,zmq,690,102500
sample,zmq,691,93300
sample,zmq,692,134400
sample,zmq,693,115900
sample,zmq,694,140300
sample,zmq,695,103900
sample,zmq,696,122200
sample,zmq,697,107900
sample,zmq,698,94900
sample,zmq,699,94200
sample,zmq,700,116300
sample,zmq,701,112200
sample,zmq,702,126000
sample,zmq,703,121800
sample,zmq,704,106700
sample,zmq,705,99900
sample,zmq,706,114700
sample,zmq,707,115300
sample,zmq,708,118600
sample,zmq,709,111300
sample,zmq,710,104200
sample,zmq,711,130600
sample,zmq,712,104700
sample,zmq,713,103000
sample,zmq,714,117100
sample,zmq,715,134100
sample,zmq,716,110700
sample,zmq,717,103300
sample,zmq,718,132300
sample,zmq,719,110900
sample,zmq,720,135800
sample,zmq,721,114300
sample,zmq,722,122000
sample,zmq,723,186200
sample,zmq,724,129800
sample,zmq,725,133100
sample,zmq,726,114300
sample,zmq,727,123400
sample,zmq,728,122300
sample,zmq,729,112300
sample,zmq,730,100300
sample,zmq,731,141500
sample,zmq,732,126800
sample,zmq,733,112500
sample,zmq,734,111200
sample,zmq,735,119100
sample,zmq,736,102400
sample,zmq,737,104300
sample,zmq,738,90500
sample,zmq,739,125300
sample,zmq,740,114500
sample,zmq,741,121000
sample,zmq,742,100800
sample,zmq,743,122500
sample,zmq,744,105600
sample,zmq,745,138700
sample,zmq,746,125800
sample,zmq,747,158600
sample,zmq,748,138900
sample,zmq,749,127600
sample,zmq,750,121900
sample,zmq,751,136000
sample,zmq,752,118900
sample,zmq,753,101900
sample,zmq,754,99900
sample,zmq,755,100400
sample,zmq,756,154900
sample,zmq,757,132200
sample,zmq,758,123700
sample,zmq,759,130500
sample,zmq,760,119900
sample,zmq,761,104800
sample,zmq,762,110700
sample,zmq,763,115700
sample,zmq,764,94200
sample,zmq,765,98400
sample,zmq,766,87800
sample,zmq,767,107300
sample,zmq,768,107700
sample,zmq,769,107100
sample,zmq,770,117000
sample,zmq,771,88300
sample,zmq,772,101100
sample,zmq,773,122000
sample,zmq,774,98400
sample,zmq,775,120400
sample,zmq,776,120600
sample,zmq,777,98800
sample,zmq,778,113300
sample,zmq,779,116700
sample,zmq,780,119800
sample,zmq,781,102100
sample,zmq,782,121500
sample,zmq,783,128300
sample,zmq,784,118200
sample,zmq,785,152400
sample,zmq,786,135700
sample,zmq,787,136900
sample,zmq,788,143500
sample,zmq,789,170600
sample,zmq,790,162400
sample,zmq,791,146300
sample,zmq,792,150900
sample,zmq,793,138000
sample,zmq,794,112900
sample,zmq,795,103700
sample,zmq,796,144000
sample,zmq,797,178400
sample,zmq,798,129200
sample,zmq,799,144200
sample,zmq,800,124500
sample,zmq,801,139400
sample,zmq,802,109200
sample,zmq,803,121400
sample,zmq,804,116900
sample,zmq,805,115300
sample,zmq,806,106700
sample,zmq,807,160600
sample,zmq,808,140500
sample,zmq,809,136700
sample,zmq,810,147000
sample,zmq,811,123400
sample,zmq,812,97900
sample,zmq,813,89100
sample,zmq,814,105800
sample,zmq,815,69900
sample,zmq,816,108000
sample,zmq,817,103300
sample,zmq,818,101200
sample,zmq,819,88900
sample,zmq,820,87900
sample,zmq,821,86100
sample,zmq,822,93500
sample,zmq,823,150100
sample,zmq,824,145500
sample,zmq,825,132300
sample,zmq,826,126100
sample,zmq,827,127700
sample,zmq,828,135600
sample,zmq,829,102600
sample,zmq,830,119700
sample,zmq,831,147900
sample,zmq,832,102800
sample,zmq,833,109700
sample,zmq,834,159800
sample,zmq,835,143700
sample,zmq,836,124600
sample,zmq,837,116900
sample,zmq,838,126300
sample,zmq,839,142200
sample,zmq,840,141200
sample,zmq,841,129000
sample,zmq,842,139800
sample,zmq,843,127900
sample,zmq,844,128500
sample,zmq,845,146100
sample,zmq,846,128800
sample,zmq,847,149100
sample,zmq,848,125400
sample,zmq,849,119800
sample,zmq,850,140400
sample,zmq,851,156300
sample,zmq,852,154200
sample,zmq,853,125400
sample,zmq,854,137800
sample,zmq,855,120200
sample,zmq,856,86600
sample,zmq,857,128600
sample,zmq,858,131400
sample,zmq,859,125000
sample,zmq,860,132000
sample,zmq,861,116800
sample,zmq,862,103200
sample,zmq,863,131700
sample,zmq,864,132100
sample,zmq,865,157000
sample,zmq,866,154100
sample,zmq,867,126000
sample,zmq,868,108300
sample,zmq,869,110900
sample,zmq,870,122400
sample,zmq,871,95500
sample,zmq,872,88700
sample,zmq,873,101300
sample,zmq,874,121400
sample,zmq,875,97200
sample,zmq,876,100100
sample,zmq,877,99100
sample,zmq,878,115300
sample,zmq,879,96500
sample,zmq,880,116700
sample,zmq,881,110400
sample,zmq,882,100900
sample,zmq,883,143900
sample,zmq,884,96600
sample,zmq,885,100600
sample,zmq,886,103400
sample,zmq,887,95300
sample,zmq,888,128100
sample,zmq,889,118300
sample,zmq,890,94600
sample,zmq,891,88800
sample,zmq,892,134000
sample,zmq,893,96100
sample,zmq,894,94200
sample,zmq,895,91000
sample,zmq,896,86100
sample,zmq,897,88200
sample,zmq,898,122300
sample,zmq,899,96800
sample,zmq,900,169300
sample,zmq,901,107900
sample,zmq,902,99500
sample,zmq,903,95100
sample,zmq,904,146200
sample,zmq,905,135000
sample,zmq,906,149000
sample,zmq,907,148000
sample,zmq,908,147400
sample,zmq,909,99000
sample,zmq,910,74900
sample,zmq,911,148600
sample,zmq,912,130000
sample,zmq,913,95400
sample,zmq,914,126400
sample,zmq,915,163700
sample,zmq,916,174100
sample,zmq,917,142800
sample,zmq,918,137300
sample,zmq,919,175000
sample,zmq,920,137800
sample,zmq,921,137900
sample,zmq,922,144600
sample,zmq,923,104500
sample,zmq,924,142600
sample,zmq,925,124700
sample,zmq,926,142800
sample,zmq,927,154700
sample,zmq,928,158500
sample,zmq,929,137800
sample,zmq,930,102000
sample,zmq,931,108200
sample,zmq,932,135800
sample,zmq,933,126600
sample,zmq,934,135200
sample,zmq,935,127900
sample,zmq,936,132200
sample,zmq,937,119400
sample,zmq,938,136600
sample,zmq,939,163000
sample,zmq,940,125100
sample,zmq,941,258900
sample,zmq,942,235900
sample,zmq,943,223400
sample,zmq,944,143900
sample,zmq,945,136700
sample,zmq,946,233200
sample,zmq,947,204100
sample,zmq,948,124700
sample,zmq,949,138000
sample,zmq,950,115000
sample,zmq,951,124400
sample,zmq,952,202200
sample,zmq,953,148600
sample,zmq,954,131300
sample,zmq,955,137900
sample,zmq,956,90400
sample,zmq,957,115600
sample,zmq,958,111100
sample,zmq,959,129500
sample,zmq,960,118200
sample,zmq,961,190000
sample,zmq,962,137300
sample,zmq,963,134000
sample,zmq,964,166600
sample,zmq,965,161200
sample,zmq,966,131800
sample,zmq,967,103700
sample,zmq,968,104400
sample,zmq,969,150500
sample,zmq,970,143000
sample,zmq,971,144700
sample,zmq,972,129800
sample,zmq,973,129200
sample,zmq,974,168600
sample,zmq,975,126500
sample,zmq,976,151600
sample,zmq,977,164600
sample,zmq,978,130400
sample,zmq,979,133500
sample,zmq,980,119200
sample,zmq,981,116400
sample,zmq,982,142800
sample,zmq,983,147200
sample,zmq,984,155400
sample,zmq,985,144300
sample,zmq,986,129400
sample,zmq,987,145700
sample,zmq,988,175900
sample,zmq,989,146100
sample,zmq,990,125000
sample,zmq,991,125600
sample,zmq,992,143000
sample,zmq,993,141800
sample,zmq,994,99500
sample,zmq,995,103900
sample,zmq,996,105600
sample,zmq,997,133300
sample,zmq,998,104500
sample,zmq,999,70900
sample,zmq,1000,126600
sample,zmq,1001,100200
sample,zmq,1002,95300
sample,zmq,1003,93600
sample,zmq,1004,115200
sample,zmq,1005,85000
sample,zmq,1006,107800
sample,zmq,1007,108400
sample,zmq,1008,86400
sample,zmq,1009,114300
sample,zmq,1010,77000
sample,zmq,1011,130500
sample,zmq,1012,90500
sample,zmq,1013,187800
sample,zmq,1014,148900
sample,zmq,1015,136000
sample,zmq,1016,130000
sample,zmq,1017,126900
sample,zmq,1018,148800
sample,zmq,1019,135800
sample,zmq,1020,169100
sample,zmq,1021,132300
sample,zmq,1022,154200
sample,zmq,1023,129300
sample,zmq,1024,103700
sample,zmq,1025,128200
sample,zmq,1026,132000
sample,zmq,1027,111800
sample,zmq,1028,102600
sample,zmq,1029,143000
sample,zmq,1030,119000
sample,zmq,1031,128100
sample,zmq,1032,120700
sample,zmq,1033,105500
sample,zmq,1034,103400
sample,zmq,1035,145100
sample,zmq,1036,136100
sample,zmq,1037,142200
sample,zmq,1038,117600
sample,zmq,1039,124400
sample,zmq,1040,123500
sample,zmq,1041,161700
sample,zmq,1042,127300
sample,zmq,1043,160500
sample,zmq,1044,122200
sample,zmq,1045,115300
sample,zmq,1046,166800
sample,zmq,1047,146000
sample,zmq,1048,120800
sample,zmq,1049,138200
sample,zmq,1050,111600
sample,zmq,1051,137600
sample,zmq,1052,154400
sample,zmq,1053,149600
sample,zmq,1054,121600
sample,zmq,1055,138900
sample,zmq,1056,119700
sample,zmq,1057,113100
sample,zmq,1058,103500
sample,zmq,1059,119500
sample,zmq,1060,86900
sample,zmq,1061,116600
sample,zmq,1062,129100
sample,zmq,1063,109400
sample,zmq,1064,137300
sample,zmq,1065,124100
sample,zmq,1066,152500
sample,zmq,1067,137200
sample,zmq,1068,122300
sample,zmq,1069,122100
sample,zmq,1070,183100
sample,zmq,1071,134300
sample,zmq,1072,105300
sample,zmq,1073,96600
sample,zmq,1074,97200
sample,zmq,1075,116200
sample,zmq,1076,109700
sample,zmq,1077,154100
sample,zmq,1078,201300
sample,zmq,1079,137400
sample,zmq,1080,136400
sample,zmq,1081,184700
sample,zmq,1082,134600
sample,zmq,1083,131300
sample,zmq,1084,125600
sample,zmq,1085,127100
sample,zmq,1086,145500
sample,zmq,1087,137900
sample,zmq,1088,126200
sample,zmq,1089,156800
sample,zmq,1090,142500
sample,zmq,1091,185700
sample,zmq,1092,150800
sample,zmq,1093,120900
sample,zmq,1094,107800
sample,zmq,1095,98900
sample,zmq,1096,149800
sample,zmq,1097,130100
sample,zmq,1098,116800
sample,zmq,1099,144900
sample,zmq,1100,150300
sample,zmq,1101,159400
sample,zmq,1102,166800
sample,zmq,1103,149100
sample,zmq,1104,148300
sample,zmq,1105,200600
sample,zmq,1106,180800
sample,zmq,1107,127700
sample,zmq,1108,134300
sample,zmq,1109,129500
sample,zmq,1110,518100
sample,zmq,1111,602000
sample,zmq,1112,195000
sample,zmq,1113,171400
sample,zmq,1114,163000
sample,zmq,1115,134800
sample,zmq,1116,145600
sample,zmq,1117,169000
sample,zmq,1118,136400
sample,zmq,1119,107200
sample,zmq,1120,137900
sample,zmq,1121,170800
sample,zmq,1122,113500
sample,zmq,1123,153100
sample,zmq,1124,184400
sample,zmq,1125,143400
sample,zmq,1126,127200
sample,zmq,1127,135300
sample,zmq,1128,120700
sample,zmq,1129,136600
sample,zmq,1130,124100
sample,zmq,1131,137200
sample,zmq,1132,119400
sample,zmq,1133,148200
sample,zmq,1134,162900
sample,zmq,1135,129300
sample,zmq,1136,152300
sample,zmq,1137,125200
sample,zmq,1138,141000
sample,zmq,1139,142500
sample,zmq,1140,131900
sample,zmq,1141,115300
sample,zmq,1142,127900
sample,zmq,1143,115500
sample,zmq,1144,131600
sample,zmq,1145,139600
sample,zmq,1146,154200
sample,zmq,1147,134500
sample,zmq,1148,137800
sample,zmq,1149,159400
sample,zmq,1150,117600
sample,zmq,1151,125000
sample,zmq,1152,149600
sample,zmq,1153,156100
sample,zmq,1154,128000
sample,zmq,1155,117600
sample,zmq,1156,110600
sample,zmq,1157,125900
sample,zmq,1158,132000
sample,zmq,1159,127900
sample,zmq,1160,138800
sample,zmq,1161,153800
sample,zmq,1162,160700
sample,zmq,1163,151900
sample,zmq,1164,127500
sample,zmq,1165,148800
sample,zmq,1166,189400
sample,zmq,1167,175800
sample,zmq,1168,155800
sample,zmq,1169,164300
sample,zmq,1170,155400
sample,zmq,1171,120400
sample,zmq,1172,152900
sample,zmq,1173,150600
sample,zmq,1174,164500
sample,zmq,1175,162100
sample,zmq,1176,151600
sample,zmq,1177,264500
sample,zmq,1178,167200
sample,zmq,1179,157400
sample,zmq,1180,130700
sample,zmq,1181,139600
sample,zmq,1182,143600
sample,zmq,1183,126600
sample,zmq,1184,134800
sample,zmq,1185,136300
sample,zmq,1186,134900
sample,zmq,1187,146500
sample,zmq,1188,130900
sample,zmq,1189,157500
sample,zmq,1190,130500
sample,zmq,1191,124200
sample,zmq,1192,124000
sample,zmq,1193,127200
sample,zmq,1194,123400
sample,zmq,1195,162400
sample,zmq,1196,143800
sample,zmq,1197,126600
sample,zmq,1198,127400
sample,zmq,1199,131600
sample,zmq,1200,126800
sample,zmq,1201,181000
sample,zmq,1202,152900
sample,zmq,1203,139900
sample,zmq,1204,134200
sample,zmq,1205,128000
sample,zmq,1206,129000
sample,zmq,1207,136000
sample,zmq,1208,127200
sample,zmq,1209,174100
sample,zmq,1210,161300
sample,zmq,1211,128200
sample,zmq,1212,122800
sample,zmq,1213,120400
sample,zmq,1214,130200
sample,zmq,1215,126400
sample,zmq,1216,132700
sample,zmq,1217,148100
sample,zmq,1218,138800
sample,zmq,1219,132400
sample,zmq,1220,130800
sample,zmq,1221,131800
sample,zmq,1222,168000
sample,zmq,1223,156700
sample,zmq,1224,150600
sample,zmq,1225,144400
sample,zmq,1226,133800
sample,zmq,1227,117200
sample,zmq,1228,221200
sample,zmq,1229,157300
sample,zmq,1230,148800
sample,zmq,1231,136800
sample,zmq,1232,131600
sample,zmq,1233,135800
sample,zmq,1234,181600
sample,zmq,1235,199600
sample,zmq,1236,156600
sample,zmq,1237,121800
sample,zmq,1238,121800
sample,zmq,1239,140800
sample,zmq,1240,139400
sample,zmq,1241,152600
sample,zmq,1242,134000
sample,zmq,1243,148900
sample,zmq,1244,127800
sample,zmq,1245,152500
sample,zmq,1246,124300
sample,zmq,1247,124700
sample,zmq,1248,149400
sample,zmq,1249,119300
sample,zmq,1250,133900
sample,zmq,1251,162900
sample,zmq,1252,125100
sample,zmq,1253,138600
sample,zmq,1254,147600
sample,zmq,1255,143100
sample,zmq,1256,138200
sample,zmq,1257,136300
sample,zmq,1258,126200
sample,zmq,1259,127200
sample,zmq,1260,133700
sample,zmq,1261,162100
sample,zmq,1262,129200
sample,zmq,1263,191500
sample,zmq,1264,163200
sample,zmq,1265,140300
sample,zmq,1266,106300
sample,zmq,1267,140900
sample,zmq,1268,125200
sample,zmq,1269,140600
sample,zmq,1270,132900
sample,zmq,1271,140700
sample,zmq,1272,127600
sample,zmq,1273,129100
sample,zmq,1274,130400
sample,zmq,1275,146300
sample,zmq,1276,153700
sample,zmq,1277,149200
sample,zmq,1278,158400
sample,zmq,1279,129700
sample,zmq,1280,126700
sample,zmq,1281,126600
sample,zmq,1282,122900
sample,zmq,1283,125400
sample,zmq,1284,116000
sample,zmq,1285,130000
sample,zmq,1286,116000
sample,zmq,1287,124700
sample,zmq,1288,162800
sample,zmq,1289,159800
sample,zmq,1290,145500
sample,zmq,1291,136000
sample,zmq,1292,132000
sample,zmq,1293,130700
sample,zmq,1294,173300
sample,zmq,1295,291500
sample,zmq,1296,165900
sample,zmq,1297,142500
sample,zmq,1298,134900
sample,zmq,1299,127200
sample,zmq,1300,126700
sample,zmq,1301,135600
sample,zmq,1302,127600
sample,zmq,1303,127200
sample,zmq,1304,125800
sample,zmq,1305,272000
sample,zmq,1306,184200
sample,zmq,1307,152500
sample,zmq,1308,129100
sample,zmq,1309,131600
sample,zmq,1310,126100
sample,zmq,1311,123800
sample,zmq,1312,124800
sample,zmq,1313,124900
sample,zmq,1314,132600
sample,zmq,1315,124300
sample,zmq,1316,124600
sample,zmq,1317,127000
sample,zmq,1318,125100
sample,zmq,1319,137600
sample,zmq,1320,126200
sample,zmq,1321,131800
sample,zmq,1322,113300
sample,zmq,1323,114800
sample,zmq,1324,112200
sample,zmq,1325,167800
sample,zmq,1326,164800
sample,zmq,1327,140400
sample,zmq,1328,137800
sample,zmq,1329,125200
sample,zmq,1330,124800
sample,zmq,1331,124100
sample,zmq,1332,130600
sample,zmq,1333,131400
sample,zmq,1334,121000
sample,zmq,1335,126000
sample,zmq,1336,119400
sample,zmq,1337,114400
sample,zmq,1338,109500
sample,zmq,1339,112200
sample,zmq,1340,150300
sample,zmq,1341,128900
sample,zmq,1342,145700
sample,zmq,1343,118000
sample,zmq,1344,114900
sample,zmq,1345,136200
sample,zmq,1346,183100
sample,zmq,1347,200000
sample,zmq,1348,163500
sample,zmq,1349,132600
sample,zmq,1350,132000
sample,zmq,1351,132200
sample,zmq,1352,130600
sample,zmq,1353,132800
sample,zmq,1354,132300
sample,zmq,1355,143600
sample,zmq,1356,136600
sample,zmq,1357,149500
sample,zmq,1358,136100
sample,zmq,1359,183800
sample,zmq,1360,144000
sample,zmq,1361,171400
sample,zmq,1362,138500
sample,zmq,1363,131500
sample,zmq,1364,130100
sample,zmq,1365,131500
sample,zmq,1366,137700
sample,zmq,1367,166500
sample,zmq,1368,175700
sample,zmq,1369,128700
sample,zmq,1370,132900
sample,zmq,1371,140800
sample,zmq,1372,177600
sample,zmq,1373,144000
sample,zmq,1374,137100
sample,zmq,1375,127500
sample,zmq,1376,127300
sample,zmq,1377,137300
sample,zmq,1378,155900
sample,zmq,1379,138900
sample,zmq,1380,142800
sample,zmq,1381,138700
sample,zmq,1382,129900
sample,zmq,1383,149800
sample,zmq,1384,133000
sample,zmq,1385,160400
sample,zmq,1386,146300
sample,zmq,1387,129500
sample,zmq,1388,136100
sample,zmq,1389,131900
sample,zmq,1390,127200
sample,zmq,1391,130000
sample,zmq,1392,129700
sample,zmq,1393,137900
sample,zmq,1394,132000
sample,zmq,1395,140000
sample,zmq,1396,136500
sample,zmq,1397,128100
sample,zmq,1398,134800
sample,zmq,1399,135600
sample,zmq,1400,204000
sample,zmq,1401,246400
sample,zmq,1402,164700
sample,zmq,1403,143800
sample,zmq,1404,146000
sample,zmq,1405,144100
sample,zmq,1406,171600
sample,zmq,1407,140900
sample,zmq,1408,149300
sample,zmq,1409,131500
sample,zmq,1410,129600
sample,zmq,1411,159700
sample,zmq,1412,145600
sample,zmq,1413,137200
sample,zmq,1414,134800
sample,zmq,1415,164400
sample,zmq,1416,133100
sample,zmq,1417,139100
sample,zmq,1418,144800
sample,zmq,1419,167600
sample,zmq,1420,137400
sample,zmq,1421,142600
sample,zmq,1422,150000
sample,zmq,1423,200800
sample,zmq,1424,169700
sample,zmq,1425,146200
sample,zmq,1426,138000
sample,zmq,1427,137200
sample,zmq,1428,132900
sample,zmq,1429,148500
sample,zmq,1430,133900
sample,zmq,1431,129100
sample,zmq,1432,139700
sample,zmq,1433,152300
sample,zmq,1434,143800
sample,zmq,1435,162900
sample,zmq,1436,162200
sample,zmq,1437,143600
sample,zmq,1438,143200
sample,zmq,1439,132800
sample,zmq,1440,134700
sample,zmq,1441,151300
sample,zmq,1442,148600
sample,zmq,1443,175500
sample,zmq,1444,164600
sample,zmq,1445,150500
sample,zmq,1446,143600
sample,zmq,1447,138000
sample,zmq,1448,167600
sample,zmq,1449,160100
sample,zmq,1450,162400
sample,zmq,1451,133000
sample,zmq,1452,129700
sample,zmq,1453,130500
sample,zmq,1454,132600
sample,zmq,1455,136300
sample,zmq,1456,138000
sample,zmq,1457,142900
sample,zmq,1458,133600
sample,zmq,1459,132900
sample,zmq,1460,133400
sample,zmq,1461,151500
sample,zmq,1462,168100
sample,zmq,1463,153000
sample,zmq,1464,137000
sample,zmq,1465,135500
sample,zmq,1466,135000
sample,zmq,1467,142000
sample,zmq,1468,140600
sample,zmq,1469,146400
sample,zmq,1470,113600
sample,zmq,1471,133900
sample,zmq,1472,136000
sample,zmq,1473,148100
sample,zmq,1474,191900
sample,zmq,1475,137200
sample,zmq,1476,137800
sample,zmq,1477,137800
sample,zmq,1478,161300
sample,zmq,1479,126400
sample,zmq,1480,128600
sample,zmq,1481,141600
sample,zmq,1482,130100
sample,zmq,1483,138400
sample,zmq,1484,128600
sample,zmq,1485,127000
sample,zmq,1486,129300
sample,zmq,1487,129300
sample,zmq,1488,152600
sample,zmq,1489,138200
sample,zmq,1490,142800
sample,zmq,1491,129300
sample,zmq,1492,132100
sample,zmq,1493,145500
sample,zmq,1494,162100
sample,zmq,1495,146400
sample,zmq,1496,146700
sample,zmq,1497,169500
sample,zmq,1498,136200
sample,zmq,1499,136800
sample,zmq,1500,138300
sample,zmq,1501,150500
sample,zmq,1502,144000
sample,zmq,1503,131200
sample,zmq,1504,128500
sample,zmq,1505,129200
sample,zmq,1506,134300
sample,zmq,1507,132600
sample,zmq,1508,132400
sample,zmq,1509,141800
sample,zmq,1510,134900
sample,zmq,1511,130100
sample,zmq,1512,208700
sample,zmq,1513,138100
sample,zmq,1514,136400
sample,zmq,1515,140000
sample,zmq,1516,128900
sample,zmq,1517,132100
sample,zmq,1518,132200
sample,zmq,1519,133800
sample,zmq,1520,133100
sample,zmq,1521,171800
sample,zmq,1522,157400
sample,zmq,1523,132800
sample,zmq,1524,136000
sample,zmq,1525,124500
sample,zmq,1526,301900
sample,zmq,1527,191300
sample,zmq,1528,154800
sample,zmq,1529,166000
sample,zmq,1530,183400
sample,zmq,1531,147300
sample,zmq,1532,148000
sample,zmq,1533,147400
sample,zmq,1534,183300
sample,zmq,1535,153600
sample,zmq,1536,107000
sample,zmq,1537,159400
sample,zmq,1538,137700
sample,zmq,1539,154800
sample,zmq,1540,110600
sample,zmq,1541,191100
sample,zmq,1542,159100
sample,zmq,1543,144400
sample,zmq,1544,144700
sample,zmq,1545,139100
sample,zmq,1546,125400
sample,zmq,1547,133500
sample,zmq,1548,134200
sample,zmq,1549,134300
sample,zmq,1550,156300
sample,zmq,1551,136200
sample,zmq,1552,150300
sample,zmq,1553,139100
sample,zmq,1554,131300
sample,zmq,1555,140100
sample,zmq,1556,131500
sample,zmq,1557,125500
sample,zmq,1558,126900
sample,zmq,1559,129900
sample,zmq,1560,94200
sample,zmq,1561,126000
sample,zmq,1562,169000
sample,zmq,1563,141500
sample,zmq,1564,132900
sample,zmq,1565,135300
sample,zmq,1566,145100
sample,zmq,1567,127300
sample,zmq,1568,157000
sample,zmq,1569,136900
sample,zmq,1570,128300
sample,zmq,1571,133800
sample,zmq,1572,127800
sample,zmq,1573,161200
sample,zmq,1574,133300
sample,zmq,1575,152300
sample,zmq,1576,145700
sample,zmq,1577,133000
sample,zmq,1578,129500
sample,zmq,1579,136800
sample,zmq,1580,138900
sample,zmq,1581,151500
sample,zmq,1582,183100
sample,zmq,1583,155300
sample,zmq,1584,150900
sample,zmq,1585,178200
sample,zmq,1586,163400
sample,zmq,1587,170500
sample,zmq,1588,184400
sample,zmq,1589,158100
sample,zmq,1590,148500
sample,zmq,1591,141200
sample,zmq,1592,141100
sample,zmq,1593,132300
sample,zmq,1594,152600
sample,zmq,1595,159000
sample,zmq,1596,153300
sample,zmq,1597,150900
sample,zmq,1598,145400
sample,zmq,1599,138400
sample,zmq,1600,133600
sample,zmq,1601,144700
sample,zmq,1602,144100
sample,zmq,1603,221000
sample,zmq,1604,153000
sample,zmq,1605,142100
sample,zmq,1606,146100
sample,zmq,1607,196400
sample,zmq,1608,138200
sample,zmq,1609,130200
sample,zmq,1610,139700
sample,zmq,1611,128600
sample,zmq,1612,125200
sample,zmq,1613,131300
sample,zmq,1614,181800
sample,zmq,1615,150800
sample,zmq,1616,137300
sample,zmq,1617,140500
sample,zmq,1618,136000
sample,zmq,1619,184600
sample,zmq,1620,170300
sample,zmq,1621,139100
sample,zmq,1622,152800
sample,zmq,1623,154400
sample,zmq,1624,142400
sample,zmq,1625,150100
sample,zmq,1626,142100
sample,zmq,1627,150200
sample,zmq,1628,133600
sample,zmq,1629,140900
sample,zmq,1630,147200
sample,zmq,1631,134600
sample,zmq,1632,139700
sample,zmq,1633,156000
sample,zmq,1634,166400
sample,zmq,1635,150100
sample,zmq,1636,147400
sample,zmq,1637,148000
sample,zmq,1638,144400
sample,zmq,1639,156800
sample,zmq,1640,166800
sample,zmq,1641,161000
sample,zmq,1642,137200
sample,zmq,1643,138100
sample,zmq,1644,139500
sample,zmq,1645,172300
sample,zmq,1646,187300
sample,zmq,1647,169500
sample,zmq,1648,133400
sample,zmq,1649,126100
sample,zmq,1650,136100
sample,zmq,1651,154000
sample,zmq,1652,144300
sample,zmq,1653,146700
sample,zmq,1654,131000
sample,zmq,1655,215300
sample,zmq,1656,142200
sample,zmq,1657,131100
sample,zmq,1658,104100
sample,zmq,1659,148100
sample,zmq,1660,140500
sample,zmq,1661,174300
sample,zmq,1662,140000
sample,zmq,1663,133000
sample,zmq,1664,131700
sample,zmq,1665,142700
sample,zmq,1666,162200
sample,zmq,1667,189600
sample,zmq,1668,146100
sample,zmq,1669,162100
sample,zmq,1670,133700
sample,zmq,1671,139400
sample,zmq,1672,137400
sample,zmq,1673,151100
sample,zmq,1674,136500
sample,zmq,1675,132700
sample,zmq,1676,158200
sample,zmq,1677,137600
sample,zmq,1678,159000
sample,zmq,1679,191400
sample,zmq,1680,156300
sample,zmq,1681,135800
sample,zmq,1682,136400
sample,zmq,1683,134000
sample,zmq,1684,134700
sample,zmq,1685,178800
sample,zmq,1686,164700
sample,zmq,1687,185000
sample,zmq,1688,149700
sample,zmq,1689,144400
sample,zmq,1690,157900
sample,zmq,1691,188100
sample,zmq,1692,137800
sample,zmq,1693,136900
sample,zmq,1694,138100
sample,zmq,1695,140000
sample,zmq,1696,144300
sample,zmq,1697,139700
sample,zmq,1698,145000
sample,zmq,1699,134800
sample,zmq,1700,154300
sample,zmq,1701,137600
sample,zmq,1702,132400
sample,zmq,1703,132700
sample,zmq,1704,158700
sample,zmq,1705,143200
sample,zmq,1706,159400
sample,zmq,1707,129800
sample,zmq,1708,128900
sample,zmq,1709,131800
sample,zmq,1710,129000
sample,zmq,1711,142000
sample,zmq,1712,165100
sample,zmq,1713,182800
sample,zmq,1714,259000
sample,zmq,1715,167900
sample,zmq,1716,145100
sample,zmq,1717,138300
sample,zmq,1718,127400
sample,zmq,1719,124500
sample,zmq,1720,135500
sample,zmq,1721,128300
sample,zmq,1722,127200
sample,zmq,1723,159900
sample,zmq,1724,141000
sample,zmq,1725,134700
sample,zmq,1726,139600
sample,zmq,1727,149100
sample,zmq,1728,144400
sample,zmq,1729,130100
sample,zmq,1730,130500
sample,zmq,1731,135600
sample,zmq,1732,135600
sample,zmq,1733,177500
sample,zmq,1734,159400
sample,zmq,1735,136600
sample,zmq,1736,158200
sample,zmq,1737,151400
sample,zmq,1738,150200
sample,zmq,1739,127800
sample,zmq,1740,151100
sample,zmq,1741,154600
sample,zmq,1742,164700
sample,zmq,1743,150500
sample,zmq,1744,129200
sample,zmq,1745,136200
sample,zmq,1746,150300
sample,zmq,1747,109100
sample,zmq,1748,141100
sample,zmq,1749,149000
sample,zmq,1750,123700
sample,zmq,1751,124100
sample,zmq,1752,125900
sample,zmq,1753,135200
sample,zmq,1754,126900
sample,zmq,1755,190400
sample,zmq,1756,151700
sample,zmq,1757,126900
sample,zmq,1758,123800
sample,zmq,1759,128800
sample,zmq,1760,130400
sample,zmq,1761,157400
sample,zmq,1762,153300
sample,zmq,1763,135500
sample,zmq,1764,140900
sample,zmq,1765,134800
sample,zmq,1766,148100
sample,zmq,1767,133200
sample,zmq,1768,146400
sample,zmq,1769,158600
sample,zmq,1770,131900
sample,zmq,1771,167200
sample,zmq,1772,146000
sample,zmq,1773,127800
sample,zmq,1774,138500
sample,zmq,1775,158500
sample,zmq,1776,143700
sample,zmq,1777,165400
sample,zmq,1778,180700
sample,zmq,1779,132400
sample,zmq,1780,139400
sample,zmq,1781,145300
sample,zmq,1782,137900
sample,zmq,1783,135200
sample,zmq,1784,143200
sample,zmq,1785,133900
sample,zmq,1786,130900
sample,zmq,1787,131800
sample,zmq,1788,130600
sample,zmq,1789,144600
sample,zmq,1790,131600
sample,zmq,1791,135400
sample,zmq,1792,132900
sample,zmq,1793,144700
sample,zmq,1794,125600
sample,zmq,1795,126600
sample,zmq,1796,133900
sample,zmq,1797,139200
sample,zmq,1798,137600
sample,zmq,1799,125500
sample,zmq,1800,121300
sample,zmq,1801,125000
sample,zmq,1802,124600
sample,zmq,1803,131400
sample,zmq,1804,131000
sample,zmq,1805,131700
sample,zmq,1806,134200
sample,zmq,1807,133800
sample,zmq,1808,129600
sample,zmq,1809,129300
sample,zmq,1810,134800
sample,zmq,1811,140400
sample,zmq,1812,151500
sample,zmq,1813,139600
sample,zmq,1814,146200
sample,zmq,1815,152600
sample,zmq,1816,173500
sample,zmq,1817,151900
sample,zmq,1818,162500
sample,zmq,1819,147300
sample,zmq,1820,148600
sample,zmq,1821,144500
sample,zmq,1822,150200
sample,zmq,1823,144600
sample,zmq,1824,155000
sample,zmq,1825,144200
sample,zmq,1826,162700
sample,zmq,1827,159600
sample,zmq,1828,148400
sample,zmq,1829,160000
sample,zmq,1830,207800
sample,zmq,1831,220900
sample,zmq,1832,163300
sample,zmq,1833,146500
sample,zmq,1834,147200
sample,zmq,1835,192700
sample,zmq,1836,174600
sample,zmq,1837,144500
sample,zmq,1838,133100
sample,zmq,1839,137200
sample,zmq,1840,204200
sample,zmq,1841,171700
sample,zmq,1842,149500
sample,zmq,1843,136300
sample,zmq,1844,137900
sample,zmq,1845,152300
sample,zmq,1846,134100
sample,zmq,1847,162900
sample,zmq,1848,140800
sample,zmq,1849,142000
sample,zmq,1850,146500
sample,zmq,1851,147100
sample,zmq,1852,157200
sample,zmq,1853,149000
sample,zmq,1854,130700
sample,zmq,1855,138000
sample,zmq,1856,154400
sample,zmq,1857,181600
sample,zmq,1858,169900
sample,zmq,1859,157200
sample,zmq,1860,143200
sample,zmq,1861,156500
sample,zmq,1862,152000
sample,zmq,1863,142800
sample,zmq,1864,144600
sample,zmq,1865,163600
sample,zmq,1866,148900
sample,zmq,1867,156400
sample,zmq,1868,221600
sample,zmq,1869,176800
sample,zmq,1870,164100
sample,zmq,1871,152500
sample,zmq,1872,147600
sample,zmq,1873,147800
sample,zmq,1874,150300
sample,zmq,1875,146000
sample,zmq,1876,150500
sample,zmq,1877,144900
sample,zmq,1878,163700
sample,zmq,1879,154400
sample,zmq,1880,143900
sample,zmq,1881,152700
sample,zmq,1882,159700
sample,zmq,1883,142100
sample,zmq,1884,149500
sample,zmq,1885,144900
sample,zmq,1886,153400
sample,zmq,1887,147600
sample,zmq,1888,158800
sample,zmq,1889,176900
sample,zmq,1890,153800
sample,zmq,1891,138300
sample,zmq,1892,146800
sample,zmq,1893,142300
sample,zmq,1894,148900
sample,zmq,1895,136000
sample,zmq,1896,136100
sample,zmq,1897,137400
sample,zmq,1898,137500
sample,zmq,1899,136500
sample,zmq,1900,210100

section,path,count,p50_ns,p95_ns,p99_ns,mean_ns
SUMMARY,shm,1900,431850,701700,740101,467785.21
SUMMARY,zmq,1900,127800,170600,210152,127646.84

COMPARE,zmq_p50_over_shm_p50,,0.2959,,,
